Date,Role,Data Type,Lambda,Omega_r,Gamma_d,Privacy Score
09/06/2024 20:18,Doctor,Medical History,0.4065696597405991,0.9,0.8807970779778823,0.32631300468413005
09/06/2024 20:18,Doctor,Medication,0.4065696597405991,0.9,0.7310585786300049,0.3214406317876685
09/06/2024 20:18,Doctor,Lifestyle Data,0.4065696597405991,0.9,0.5,0.17274990380779945
09/06/2024 20:18,Doctor,Environmental Data,0.4065696597405991,0.9,0.2689414213699951,0.14011771015925317
09/06/2024 20:18,Family Member,Medical History,0.4065696597405991,0.7,0.8807970779778823,0.3944435689994169
09/06/2024 20:18,Family Member,Medication,0.4065696597405991,0.7,0.7310585786300049,0.11137792074616157
09/06/2024 20:18,Family Member,Lifestyle Data,0.4065696597405991,0.7,0.5,0.13759827542181582
09/06/2024 20:18,Family Member,Environmental Data,0.4065696597405991,0.7,0.2689414213699951,0.029223327
09/06/2024 20:18,Researcher,Medical History,0.4065696597405991,0.5,0.8807970779778823,0.257484807
09/06/2024 20:18,Researcher,Medication,0.4065696597405991,0.5,0.7310585786300049,0.14229829102688807
09/06/2024 20:18,Researcher,Lifestyle Data,0.4065696597405991,0.5,0.5,0.065894299
09/06/2024 20:18,Researcher,Environmental Data,0.4065696597405991,0.5,0.2689414213699951,0.071857767
10/06/2024 20:18,Doctor,Medical History,0.4106557527523455,0.9,0.8807970779778823,0.3077467631244627
10/06/2024 20:18,Doctor,Medication,0.4106557527523455,0.9,0.7310585786300049,0.29459064472776614
10/06/2024 20:18,Doctor,Lifestyle Data,0.4106557527523455,0.9,0.5,0.23969123737352502
10/06/2024 20:18,Doctor,Environmental Data,0.4106557527523455,0.9,0.2689414213699951,0.049109078
10/06/2024 20:18,Family Member,Medical History,0.4106557527523455,0.7,0.8807970779778823,0.24350113631395714
18:19.9,Family Member,Medication,0.4106557527523455,0.7,0.7310585786300049,0.20587958347870355
18:19.9,Family Member,Lifestyle Data,0.4106557527523455,0.7,0.5,0.17160624394857393
18:19.9,Family Member,Environmental Data,0.4106557527523455,0.7,0.2689414213699951,0.046192259
18:19.9,Researcher,Medical History,0.4106557527523455,0.5,0.8807970779778823,0.15526706794179956
18:19.9,Researcher,Medication,0.4106557527523455,0.5,0.7310585786300049,0.097772586
18:19.9,Researcher,Lifestyle Data,0.4106557527523455,0.5,0.5,0.089770399
18:19.9,Researcher,Environmental Data,0.4106557527523455,0.5,0.2689414213699951,0.11115633153368469
18:19.9,Doctor,Medical History,0.4147829116815814,0.9,0.8807970779778823,0.33514455783831093
18:19.9,Doctor,Medication,0.4147829116815814,0.9,0.7310585786300049,0.2305084701360537
18:19.9,Doctor,Lifestyle Data,0.4147829116815814,0.9,0.5,0.071400706
18:19.9,Doctor,Environmental Data,0.4147829116815814,0.9,0.2689414213699951,0.018096232603305895
18:19.9,Family Member,Medical History,0.4147829116815814,0.7,0.8807970779778823,0.27949607665607484
18:19.9,Family Member,Medication,0.4147829116815814,0.7,0.7310585786300049,0.2621894054604677
18:19.9,Family Member,Lifestyle Data,0.4147829116815814,0.7,0.5,0.17815993336130742
18:19.9,Family Member,Environmental Data,0.4147829116815814,0.7,0.2689414213699951,0.082192066
18:19.9,Researcher,Medical History,0.4147829116815814,0.5,0.8807970779778823,0.16394216998787808
18:19.9,Researcher,Medication,0.4147829116815814,0.5,0.7310585786300049,0.1758667798792526
18:19.9,Researcher,Lifestyle Data,0.4147829116815814,0.5,0.5,0.025492329013503526
18:19.9,Researcher,Environmental Data,0.4147829116815814,0.5,0.2689414213699951,0.017022845
18:19.9,Doctor,Medical History,0.418951549,0.9,0.8807970779778823,0.292930399
18:19.9,Doctor,Medication,0.418951549,0.9,0.7310585786300049,0.29247460435768297
18:19.9,Doctor,Lifestyle Data,0.418951549,0.9,0.5,0.17596380091243574
18:19.9,Doctor,Environmental Data,0.418951549,0.9,0.2689414213699951,0.078351192
18:19.9,Family Member,Medical History,0.418951549,0.7,0.8807970779778823,0.2282095990761668
18:19.9,Family Member,Medication,0.418951549,0.7,0.7310585786300049,0.22187544257497763
18:19.9,Family Member,Lifestyle Data,0.418951549,0.7,0.5,0.1157297542232599
18:19.9,Family Member,Environmental Data,0.418951549,0.7,0.2689414213699951,0
18:19.9,Researcher,Medical History,0.418951549,0.5,0.8807970779778823,0.13111010678180718
18:19.9,Researcher,Medication,0.418951549,0.5,0.7310585786300049,0.15613284828845572
18:19.9,Researcher,Lifestyle Data,0.418951549,0.5,0.5,0.093879291
18:19.9,Researcher,Environmental Data,0.418951549,0.5,0.2689414213699951,0.062431648
18:19.9,Doctor,Medical History,0.4231620823177488,0.9,0.8807970779778823,0.3278961144491695
18:19.9,Doctor,Medication,0.4231620823177488,0.9,0.7310585786300049,0.26895491768694507
18:19.9,Doctor,Lifestyle Data,0.4231620823177488,0.9,0.5,0.21316302354100802
18:19.9,Doctor,Environmental Data,0.4231620823177488,0.9,0.2689414213699951,0.11199140048690254
18:19.9,Family Member,Medical History,0.4231620823177488,0.7,0.8807970779778823,0.23195917039207406
18:19.9,Family Member,Medication,0.4231620823177488,0.7,0.7310585786300049,0.242494069
18:19.9,Family Member,Lifestyle Data,0.4231620823177488,0.7,0.5,0.16455689419406067
18:19.9,Family Member,Environmental Data,0.4231620823177488,0.7,0.2689414213699951,0.079970003
18:19.9,Researcher,Medical History,0.4231620823177488,0.5,0.8807970779778823,0.2241144697362908
18:19.9,Researcher,Medication,0.4231620823177488,0.5,0.7310585786300049,0.14443334677721295
18:19.9,Researcher,Lifestyle Data,0.4231620823177488,0.5,0.5,0.13159351706596104
18:19.9,Researcher,Environmental Data,0.4231620823177488,0.5,0.2689414213699951,0.14820422850091522
18:19.9,Doctor,Medical History,0.4274149319487267,0.9,0.8807970779778823,0.3457683598160442
18:19.9,Doctor,Medication,0.4274149319487267,0.9,0.7310585786300049,0.21230445998402045
18:19.9,Doctor,Lifestyle Data,0.4274149319487267,0.9,0.5,0.18442169777145048
18:19.9,Doctor,Environmental Data,0.4274149319487267,0.9,0.2689414213699951,0.14233836621404958
18:19.9,Family Member,Medical History,0.4274149319487267,0.7,0.8807970779778823,0.3298464246469109
18:19.9,Family Member,Medication,0.4274149319487267,0.7,0.7310585786300049,0.2813065047411014
18:19.9,Family Member,Lifestyle Data,0.4274149319487267,0.7,0.5,0.12970279825066455
18:19.9,Family Member,Environmental Data,0.4274149319487267,0.7,0.2689414213699951,0.078536486
18:19.9,Researcher,Medical History,0.4274149319487267,0.5,0.8807970779778823,0.19992692197701747
18:19.9,Researcher,Medication,0.4274149319487267,0.5,0.7310585786300049,0.13188947206075868
18:19.9,Researcher,Lifestyle Data,0.4274149319487267,0.5,0.5,0.064415975
18:19.9,Researcher,Environmental Data,0.4274149319487267,0.5,0.2689414213699951,0
18:19.9,Doctor,Medical History,0.43171052342907973,0.9,0.8807970779778823,0.36514412202332497
18:19.9,Doctor,Medication,0.43171052342907973,0.9,0.7310585786300049,0.267192239
18:19.9,Doctor,Lifestyle Data,0.43171052342907973,0.9,0.5,0.2650429331013384
18:19.9,Doctor,Environmental Data,0.43171052342907973,0.9,0.2689414213699951,0.17067683638132863
18:19.9,Family Member,Medical History,0.43171052342907973,0.7,0.8807970779778823,0.3057729040533261
18:19.9,Family Member,Medication,0.43171052342907973,0.7,0.7310585786300049,0.20324850076408657
18:19.9,Family Member,Lifestyle Data,0.43171052342907973,0.7,0.5,0.14238757905688507
18:19.9,Family Member,Environmental Data,0.43171052342907973,0.7,0.2689414213699951,0.1046295415797931
18:19.9,Researcher,Medical History,0.43171052342907973,0.5,0.8807970779778823,0.22983038608758138
18:19.9,Researcher,Medication,0.43171052342907973,0.5,0.7310585786300049,0.1932204383384338
18:19.9,Researcher,Lifestyle Data,0.43171052342907973,0.5,0.5,0.080881391
18:19.9,Researcher,Environmental Data,0.43171052342907973,0.5,0.2689414213699951,0.056387564
18:19.9,Doctor,Medical History,0.43604928632153556,0.9,0.8807970779778823,0.2846225351524809
18:19.9,Doctor,Medication,0.43604928632153556,0.9,0.7310585786300049,0.2770854250506503
18:19.9,Doctor,Lifestyle Data,0.43604928632153556,0.9,0.5,0.18495304513928296
18:19.9,Doctor,Environmental Data,0.43604928632153556,0.9,0.2689414213699951,0.071820201
18:19.9,Family Member,Medical History,0.43604928632153556,0.7,0.8807970779778823,0.233612655
18:19.9,Family Member,Medication,0.43604928632153556,0.7,0.7310585786300049,0.19562926945406467
18:19.9,Family Member,Lifestyle Data,0.43604928632153556,0.7,0.5,0.223432807
18:19.9,Family Member,Environmental Data,0.43604928632153556,0.7,0.2689414213699951,0.029197733
18:19.9,Researcher,Medical History,0.43604928632153556,0.5,0.8807970779778823,0.17334741362427056
18:19.9,Researcher,Medication,0.43604928632153556,0.5,0.7310585786300049,0.1328016612882491
18:19.9,Researcher,Lifestyle Data,0.43604928632153556,0.5,0.5,0.081291119
18:19.9,Researcher,Environmental Data,0.43604928632153556,0.5,0.2689414213699951,0
18:19.9,Doctor,Medical History,0.44043165450599925,0.9,0.8807970779778823,0.30976106957290045
18:19.9,Doctor,Medication,0.44043165450599925,0.9,0.7310585786300049,0.30913384116647896
18:19.9,Doctor,Lifestyle Data,0.44043165450599925,0.9,0.5,0.026347699
18:19.9,Doctor,Environmental Data,0.44043165450599925,0.9,0.2689414213699951,0.10559440133419754
18:19.9,Family Member,Medical History,0.44043165450599925,0.7,0.8807970779778823,0.2460322157233226
18:19.9,Family Member,Medication,0.44043165450599925,0.7,0.7310585786300049,0.2437277207080111
18:19.9,Family Member,Lifestyle Data,0.44043165450599925,0.7,0.5,0.15651133654619265
18:19.9,Family Member,Environmental Data,0.44043165450599925,0.7,0.2689414213699951,0.066460698
18:19.9,Researcher,Medical History,0.44043165450599925,0.5,0.8807970779778823,0.16393011266339583
18:19.9,Researcher,Medication,0.44043165450599925,0.5,0.7310585786300049,0.1694889511368479
18:19.9,Researcher,Lifestyle Data,0.44043165450599925,0.5,0.5,0.12644762709561158
18:19.9,Researcher,Environmental Data,0.44043165450599925,0.5,0.2689414213699951,0
18:19.9,Doctor,Medical History,0.4448580662229411,0.9,0.8807970779778823,0.3482703659799589
18:19.9,Doctor,Medication,0.4448580662229411,0.9,0.7310585786300049,0.29058322030540884
18:19.9,Doctor,Lifestyle Data,0.4448580662229411,0.9,0.5,0.21671144858598945
18:19.9,Doctor,Environmental Data,0.4448580662229411,0.9,0.2689414213699951,0.10822387537716519
18:19.9,Family Member,Medical History,0.4448580662229411,0.7,0.8807970779778823,0.3428002681814584
18:19.9,Family Member,Medication,0.4448580662229411,0.7,0.7310585786300049,0.20837413036902297
18:19.9,Family Member,Lifestyle Data,0.4448580662229411,0.7,0.5,0.187931604
18:19.9,Family Member,Environmental Data,0.4448580662229411,0.7,0.2689414213699951,0.10647590345162762
18:19.9,Researcher,Medical History,0.4448580662229411,0.5,0.8807970779778823,0.2790595273249143
18:19.9,Researcher,Medication,0.4448580662229411,0.5,0.7310585786300049,0.12239214243804121
18:19.9,Researcher,Lifestyle Data,0.4448580662229411,0.5,0.5,0.19785260813896932
18:19.9,Researcher,Environmental Data,0.4448580662229411,0.5,0.2689414213699951,0.1386902187003085
18:19.9,Doctor,Medical History,0.44932896411722156,0.9,0.8807970779778823,0.3691982379128059
18:19.9,Doctor,Medication,0.44932896411722156,0.9,0.7310585786300049,0.2646732945903021
18:19.9,Doctor,Lifestyle Data,0.44932896411722156,0.9,0.5,0.21639484267663164
18:19.9,Doctor,Environmental Data,0.44932896411722156,0.9,0.2689414213699951,0.10433654442778109
18:19.9,Family Member,Medical History,0.44932896411722156,0.7,0.8807970779778823,0.22772150913261927
18:19.9,Family Member,Medication,0.44932896411722156,0.7,0.7310585786300049,0.3496108135291713
18:19.9,Family Member,Lifestyle Data,0.44932896411722156,0.7,0.5,0.096945427
18:19.9,Family Member,Environmental Data,0.44932896411722156,0.7,0.2689414213699951,0.1403500724414876
18:19.9,Researcher,Medical History,0.44932896411722156,0.5,0.8807970779778823,0.1509904064825729
18:19.9,Researcher,Medication,0.44932896411722156,0.5,0.7310585786300049,0.12838269730278706
18:19.9,Researcher,Lifestyle Data,0.44932896411722156,0.5,0.5,0.12091212601776721
18:19.9,Researcher,Environmental Data,0.44932896411722156,0.5,0.2689414213699951,0
18:19.9,Doctor,Medical History,0.45384479528235583,0.9,0.8807970779778823,0.34012463943604393
18:19.9,Doctor,Medication,0.45384479528235583,0.9,0.7310585786300049,0.2457309691819177
18:19.9,Doctor,Lifestyle Data,0.45384479528235583,0.9,0.5,0.20090142025541172
18:19.9,Doctor,Environmental Data,0.45384479528235583,0.9,0.2689414213699951,0.067187132
18:19.9,Family Member,Medical History,0.45384479528235583,0.7,0.8807970779778823,0.3408679456629893
18:19.9,Family Member,Medication,0.45384479528235583,0.7,0.7310585786300049,0.2216138680524076
18:19.9,Family Member,Lifestyle Data,0.45384479528235583,0.7,0.5,0.18183710820522797
18:19.9,Family Member,Environmental Data,0.45384479528235583,0.7,0.2689414213699951,0.16301818700363105
18:19.9,Researcher,Medical History,0.45384479528235583,0.5,0.8807970779778823,0.12796348789450535
18:19.9,Researcher,Medication,0.45384479528235583,0.5,0.7310585786300049,0.1563576530638328
18:19.9,Researcher,Lifestyle Data,0.45384479528235583,0.5,0.5,0.05984908
18:19.9,Researcher,Environmental Data,0.45384479528235583,0.5,0.2689414213699951,0.035994336615146345
18:19.9,Doctor,Medical History,0.4584060113052235,0.9,0.8807970779778823,0.32853141235329847
18:19.9,Doctor,Medication,0.4584060113052235,0.9,0.7310585786300049,0.3345499607719246
18:19.9,Doctor,Lifestyle Data,0.4584060113052235,0.9,0.5,0.10850674185847659
18:19.9,Doctor,Environmental Data,0.4584060113052235,0.9,0.2689414213699951,0.14604990657893113
18:19.9,Family Member,Medical History,0.4584060113052235,0.7,0.8807970779778823,0.40509906065359813
18:19.9,Family Member,Medication,0.4584060113052235,0.7,0.7310585786300049,0.3317131918739818
18:19.9,Family Member,Lifestyle Data,0.4584060113052235,0.7,0.5,0.18935599242347168
18:19.9,Family Member,Environmental Data,0.4584060113052235,0.7,0.2689414213699951,0.035937171
18:19.9,Researcher,Medical History,0.4584060113052235,0.5,0.8807970779778823,0.30889977393345763
18:19.9,Researcher,Medication,0.4584060113052235,0.5,0.7310585786300049,0.13213017168305555
18:19.9,Researcher,Lifestyle Data,0.4584060113052235,0.5,0.5,0.089230686
18:19.9,Researcher,Environmental Data,0.4584060113052235,0.5,0.2689414213699951,0.011726582435007182
18:19.9,Doctor,Medical History,0.46301306831122807,0.9,0.8807970779778823,0.3629702460481944
18:19.9,Doctor,Medication,0.46301306831122807,0.9,0.7310585786300049,0.3286736667432275
18:19.9,Doctor,Lifestyle Data,0.46301306831122807,0.9,0.5,0.24081223968484916
18:19.9,Doctor,Environmental Data,0.46301306831122807,0.9,0.2689414213699951,0.088514761
18:19.9,Family Member,Medical History,0.46301306831122807,0.7,0.8807970779778823,0.3480155783231771
18:19.9,Family Member,Medication,0.46301306831122807,0.7,0.7310585786300049,0.2230215961666861
18:19.9,Family Member,Lifestyle Data,0.46301306831122807,0.7,0.5,0.15941617043429382
18:19.9,Family Member,Environmental Data,0.46301306831122807,0.7,0.2689414213699951,0.11982547332814836
18:19.9,Researcher,Medical History,0.46301306831122807,0.5,0.8807970779778823,0.2594148960166179
18:19.9,Researcher,Medication,0.46301306831122807,0.5,0.7310585786300049,0.025161754004339204
18:19.9,Researcher,Lifestyle Data,0.46301306831122807,0.5,0.5,0.147499866
18:19.9,Researcher,Environmental Data,0.46301306831122807,0.5,0.2689414213699951,0.03983419
18:19.9,Doctor,Medical History,0.46766642700990924,0.9,0.8807970779778823,0.3593395590789978
18:19.9,Doctor,Medication,0.46766642700990924,0.9,0.7310585786300049,0.3009578794122303
18:19.9,Doctor,Lifestyle Data,0.46766642700990924,0.9,0.5,0.16841958698607945
18:19.9,Doctor,Environmental Data,0.46766642700990924,0.9,0.2689414213699951,0.16638443649047469
18:19.9,Family Member,Medical History,0.46766642700990924,0.7,0.8807970779778823,0.2507905195005153
18:19.9,Family Member,Medication,0.46766642700990924,0.7,0.7310585786300049,0.24464129003190743
18:19.9,Family Member,Lifestyle Data,0.46766642700990924,0.7,0.5,0.096598775
18:19.9,Family Member,Environmental Data,0.46766642700990924,0.7,0.2689414213699951,0.064541496
18:19.9,Researcher,Medical History,0.46766642700990924,0.5,0.8807970779778823,0.13511938013649716
18:19.9,Researcher,Medication,0.46766642700990924,0.5,0.7310585786300049,0.14491119817675865
18:19.9,Researcher,Lifestyle Data,0.46766642700990924,0.5,0.5,0.051405017
18:19.9,Researcher,Environmental Data,0.46766642700990924,0.5,0.2689414213699951,0.13200637529356885
18:19.9,Doctor,Medical History,0.4723665527410147,0.9,0.8807970779778823,0.34705616141981543
18:19.9,Doctor,Medication,0.4723665527410147,0.9,0.7310585786300049,0.366306535
18:19.9,Doctor,Lifestyle Data,0.4723665527410147,0.9,0.5,0.19707904291726555
18:19.9,Doctor,Environmental Data,0.4723665527410147,0.9,0.2689414213699951,0.10497588026432303
18:19.9,Family Member,Medical History,0.4723665527410147,0.7,0.8807970779778823,0.2329021827494513
18:19.9,Family Member,Medication,0.4723665527410147,0.7,0.7310585786300049,0.26164910411097336
18:19.9,Family Member,Lifestyle Data,0.4723665527410147,0.7,0.5,0.24364362678849857
18:19.9,Family Member,Environmental Data,0.4723665527410147,0.7,0.2689414213699951,0.073476443
18:19.9,Researcher,Medical History,0.4723665527410147,0.5,0.8807970779778823,0.2019402780629383
18:19.9,Researcher,Medication,0.4723665527410147,0.5,0.7310585786300049,0.19206849835010276
18:19.9,Researcher,Lifestyle Data,0.4723665527410147,0.5,0.5,0.13825924454907196
18:19.9,Researcher,Environmental Data,0.4723665527410147,0.5,0.2689414213699951,0.037898624816253695
18:19.9,Doctor,Medical History,0.4771139155210344,0.9,0.8807970779778823,0.3843053812769953
18:19.9,Doctor,Medication,0.4771139155210344,0.9,0.7310585786300049,0.4202853451154778
18:19.9,Doctor,Lifestyle Data,0.4771139155210344,0.9,0.5,0.1526963263389108
18:19.9,Doctor,Environmental Data,0.4771139155210344,0.9,0.2689414213699951,0.14875756752952793
18:19.9,Family Member,Medical History,0.4771139155210344,0.7,0.8807970779778823,0.2766004562827786
18:19.9,Family Member,Medication,0.4771139155210344,0.7,0.7310585786300049,0.18469040252332153
18:19.9,Family Member,Lifestyle Data,0.4771139155210344,0.7,0.5,0.12649457376254425
18:19.9,Family Member,Environmental Data,0.4771139155210344,0.7,0.2689414213699951,0.003571428
18:19.9,Researcher,Medical History,0.4771139155210344,0.5,0.8807970779778823,0.1991485301642498
18:19.9,Researcher,Medication,0.4771139155210344,0.5,0.7310585786300049,0.21460187794664873
18:19.9,Researcher,Lifestyle Data,0.4771139155210344,0.5,0.5,0.15545334165946906
18:19.9,Researcher,Environmental Data,0.4771139155210344,0.5,0.2689414213699951,0.11802565265909505
18:19.9,Doctor,Medical History,0.48190899009020244,0.9,0.8807970779778823,0.26312978681784427
18:19.9,Doctor,Medication,0.48190899009020244,0.9,0.7310585786300049,0.25306847182461745
18:19.9,Doctor,Lifestyle Data,0.48190899009020244,0.9,0.5,0.21876449969632947
18:19.9,Doctor,Environmental Data,0.48190899009020244,0.9,0.2689414213699951,0.14458884054783272
18:19.9,Family Member,Medical History,0.48190899009020244,0.7,0.8807970779778823,0.2740349718786539
18:19.9,Family Member,Medication,0.48190899009020244,0.7,0.7310585786300049,0.2928554392240272
18:19.9,Family Member,Lifestyle Data,0.48190899009020244,0.7,0.5,0.12831679591448536
18:19.9,Family Member,Environmental Data,0.48190899009020244,0.7,0.2689414213699951,0.084509079
18:19.9,Researcher,Medical History,0.48190899009020244,0.5,0.8807970779778823,0.1706580332530728
18:19.9,Researcher,Medication,0.48190899009020244,0.5,0.7310585786300049,0.14875826103457707
18:19.9,Researcher,Lifestyle Data,0.48190899009020244,0.5,0.5,0.097005997
18:19.9,Researcher,Environmental Data,0.48190899009020244,0.5,0.2689414213699951,0.045644945
18:19.9,Doctor,Medical History,0.4867522559599717,0.9,0.8807970779778823,0.32764010753106504
18:19.9,Doctor,Medication,0.4867522559599717,0.9,0.7310585786300049,0.3534122361368501
18:19.9,Doctor,Lifestyle Data,0.4867522559599717,0.9,0.5,0.23382932470175796
18:19.9,Doctor,Environmental Data,0.4867522559599717,0.9,0.2689414213699951,0.13787233362018098
18:19.9,Family Member,Medical History,0.4867522559599717,0.7,0.8807970779778823,0.19968959145942106
18:19.9,Family Member,Medication,0.4867522559599717,0.7,0.7310585786300049,0.25822120989097935
18:19.9,Family Member,Lifestyle Data,0.4867522559599717,0.7,0.5,0.1427338327791499
18:19.9,Family Member,Environmental Data,0.4867522559599717,0.7,0.2689414213699951,0.065433382
18:19.9,Researcher,Medical History,0.4867522559599717,0.5,0.8807970779778823,0.22627914754442716
18:19.9,Researcher,Medication,0.4867522559599717,0.5,0.7310585786300049,0.14959019491795306
18:19.9,Researcher,Lifestyle Data,0.4867522559599717,0.5,0.5,0.08826444
18:19.9,Researcher,Environmental Data,0.4867522559599717,0.5,0.2689414213699951,0.06411337
18:19.9,Doctor,Medical History,0.4916441974609651,0.9,0.8807970779778823,0.37415840759422814
18:19.9,Doctor,Medication,0.4916441974609651,0.9,0.7310585786300049,0.37308966126766124
18:19.9,Doctor,Lifestyle Data,0.4916441974609651,0.9,0.5,0.14151549124920854
18:19.9,Doctor,Environmental Data,0.4916441974609651,0.9,0.2689414213699951,0.16900953944036298
18:19.9,Family Member,Medical History,0.4916441974609651,0.7,0.8807970779778823,0.24106664853678214
18:19.9,Family Member,Medication,0.4916441974609651,0.7,0.7310585786300049,0.17116744555541408
18:19.9,Family Member,Lifestyle Data,0.4916441974609651,0.7,0.5,0.1409777267529259
18:19.9,Family Member,Environmental Data,0.4916441974609651,0.7,0.2689414213699951,0.084852727
18:19.9,Researcher,Medical History,0.4916441974609651,0.5,0.8807970779778823,0.2920521231873874
18:19.9,Researcher,Medication,0.4916441974609651,0.5,0.7310585786300049,0.062391429
18:19.9,Researcher,Lifestyle Data,0.4916441974609651,0.5,0.5,0.14077768060619092
18:19.9,Researcher,Environmental Data,0.4916441974609651,0.5,0.2689414213699951,0.049500561
18:19.9,Doctor,Medical History,0.49658530379140947,0.9,0.8807970779778823,0.36754329011200687
18:19.9,Doctor,Medication,0.49658530379140947,0.9,0.7310585786300049,0.246946889
18:19.9,Doctor,Lifestyle Data,0.49658530379140947,0.9,0.5,0.1610968488100868
18:19.9,Doctor,Environmental Data,0.49658530379140947,0.9,0.2689414213699951,0.10261194235866794
18:19.9,Family Member,Medical History,0.49658530379140947,0.7,0.8807970779778823,0.333854899
18:19.9,Family Member,Medication,0.49658530379140947,0.7,0.7310585786300049,0.30384804448920644
18:19.9,Family Member,Lifestyle Data,0.49658530379140947,0.7,0.5,0.097438738
18:19.9,Family Member,Environmental Data,0.49658530379140947,0.7,0.2689414213699951,0.012778371948919301
18:19.9,Researcher,Medical History,0.49658530379140947,0.5,0.8807970779778823,0.17642792876924582
18:19.9,Researcher,Medication,0.49658530379140947,0.5,0.7310585786300049,0.14441975574070967
18:19.9,Researcher,Lifestyle Data,0.49658530379140947,0.5,0.5,0.12464549043951664
18:19.9,Researcher,Environmental Data,0.49658530379140947,0.5,0.2689414213699951,0.069857338
18:19.9,Doctor,Medical History,0.5015760690660555,0.9,0.8807970779778823,0.3055182110414244
18:19.9,Doctor,Medication,0.5015760690660555,0.9,0.7310585786300049,0.32870532800536817
18:19.9,Doctor,Lifestyle Data,0.5015760690660555,0.9,0.5,0.24499015865163995
18:19.9,Doctor,Environmental Data,0.5015760690660555,0.9,0.2689414213699951,0.017893192864673516
18:19.9,Family Member,Medical History,0.5015760690660555,0.7,0.8807970779778823,0.31729136999116486
18:19.9,Family Member,Medication,0.5015760690660555,0.7,0.7310585786300049,0.15709769206463828
18:19.9,Family Member,Lifestyle Data,0.5015760690660555,0.7,0.5,0.15105740180952368
18:19.9,Family Member,Environmental Data,0.5015760690660555,0.7,0.2689414213699951,0.060694213
18:19.9,Researcher,Medical History,0.5015760690660555,0.5,0.8807970779778823,0.1421894673680254
18:19.9,Researcher,Medication,0.5015760690660555,0.5,0.7310585786300049,0.23423950724929296
18:19.9,Researcher,Lifestyle Data,0.5015760690660555,0.5,0.5,0.16415860255375753
18:19.9,Researcher,Environmental Data,0.5015760690660555,0.5,0.2689414213699951,0.012976009
18:19.9,Doctor,Medical History,0.5066169923655895,0.9,0.8807970779778823,0.35073974468056934
18:19.9,Doctor,Medication,0.5066169923655895,0.9,0.7310585786300049,0.25697534691043883
18:19.9,Doctor,Lifestyle Data,0.5066169923655895,0.9,0.5,0.19638694615450578
18:19.9,Doctor,Environmental Data,0.5066169923655895,0.9,0.2689414213699951,0.090051507
18:19.9,Family Member,Medical History,0.5066169923655895,0.7,0.8807970779778823,0.30966054198795057
18:19.9,Family Member,Medication,0.5066169923655895,0.7,0.7310585786300049,0.13622205329738735
18:19.9,Family Member,Lifestyle Data,0.5066169923655895,0.7,0.5,0.2079972459035524
18:19.9,Family Member,Environmental Data,0.5066169923655895,0.7,0.2689414213699951,0.080045744
18:19.9,Researcher,Medical History,0.5066169923655895,0.5,0.8807970779778823,0.2556837734704889
18:19.9,Researcher,Medication,0.5066169923655895,0.5,0.7310585786300049,0.20670181161186424
18:19.9,Researcher,Lifestyle Data,0.5066169923655895,0.5,0.5,0.19643503214168953
18:19.9,Researcher,Environmental Data,0.5066169923655895,0.5,0.2689414213699951,0
18:19.9,Doctor,Medical History,0.5117085777865424,0.9,0.8807970779778823,0.3610552762753162
18:19.9,Doctor,Medication,0.5117085777865424,0.9,0.7310585786300049,0.30686919869866086
18:19.9,Doctor,Lifestyle Data,0.5117085777865424,0.9,0.5,0.24193376
18:19.9,Doctor,Environmental Data,0.5117085777865424,0.9,0.2689414213699951,0.14385136111289343
18:19.9,Family Member,Medical History,0.5117085777865424,0.7,0.8807970779778823,0.38785898995949114
18:19.9,Family Member,Medication,0.5117085777865424,0.7,0.7310585786300049,0.3965347674163357
18:19.9,Family Member,Lifestyle Data,0.5117085777865424,0.7,0.5,0.1984327351976755
18:19.9,Family Member,Environmental Data,0.5117085777865424,0.7,0.2689414213699951,0.1250979067518348
18:19.9,Researcher,Medical History,0.5117085777865424,0.5,0.8807970779778823,0.17380687379776222
18:19.9,Researcher,Medication,0.5117085777865424,0.5,0.7310585786300049,0.2213252481628112
18:19.9,Researcher,Lifestyle Data,0.5117085777865424,0.5,0.5,0.12328784249136815
18:19.9,Researcher,Environmental Data,0.5117085777865424,0.5,0.2689414213699951,0.013264352001858104
18:19.9,Doctor,Medical History,0.5168513344916992,0.9,0.8807970779778823,0.3708426819594909
18:19.9,Doctor,Medication,0.5168513344916992,0.9,0.7310585786300049,0.41809655573850923
18:19.9,Doctor,Lifestyle Data,0.5168513344916992,0.9,0.5,0.2725277984569745
18:19.9,Doctor,Environmental Data,0.5168513344916992,0.9,0.2689414213699951,0.1592588124967561
18:19.9,Family Member,Medical History,0.5168513344916992,0.7,0.8807970779778823,0.33198610295548875
18:19.9,Family Member,Medication,0.5168513344916992,0.7,0.7310585786300049,0.21227378453515666
18:19.9,Family Member,Lifestyle Data,0.5168513344916992,0.7,0.5,0.10850646108174916
18:19.9,Family Member,Environmental Data,0.5168513344916992,0.7,0.2689414213699951,0.086008933
18:19.9,Researcher,Medical History,0.5168513344916992,0.5,0.8807970779778823,0.11506680102342587
18:19.9,Researcher,Medication,0.5168513344916992,0.5,0.7310585786300049,0.14893479787389022
18:19.9,Researcher,Lifestyle Data,0.5168513344916992,0.5,0.5,0.178895734
18:19.9,Researcher,Environmental Data,0.5168513344916992,0.5,0.2689414213699951,0.069508803
18:19.9,Doctor,Medical History,0.522045777,0.9,0.8807970779778823,0.3698199726989677
18:19.9,Doctor,Medication,0.522045777,0.9,0.7310585786300049,0.36780171213154333
18:19.9,Doctor,Lifestyle Data,0.522045777,0.9,0.5,0.25891121440764675
18:19.9,Doctor,Environmental Data,0.522045777,0.9,0.2689414213699951,0.077704593
18:19.9,Family Member,Medical History,0.522045777,0.7,0.8807970779778823,0.3304510895855399
18:19.9,Family Member,Medication,0.522045777,0.7,0.7310585786300049,0.2585706508262302
18:19.9,Family Member,Lifestyle Data,0.522045777,0.7,0.5,0.15018651120543033
18:19.9,Family Member,Environmental Data,0.522045777,0.7,0.2689414213699951,0.017490717705339498
18:19.9,Researcher,Medical History,0.522045777,0.5,0.8807970779778823,0.1739218650685545
18:19.9,Researcher,Medication,0.522045777,0.5,0.7310585786300049,0.14227655500007913
18:19.9,Researcher,Lifestyle Data,0.522045777,0.5,0.5,0.1631151734057998
18:19.9,Researcher,Environmental Data,0.522045777,0.5,0.2689414213699951,0.091298111
18:19.9,Doctor,Medical History,0.5272924240430485,0.9,0.8807970779778823,0.3995048705698843
18:19.9,Doctor,Medication,0.5272924240430485,0.9,0.7310585786300049,0.34536641683191627
18:19.9,Doctor,Lifestyle Data,0.5272924240430485,0.9,0.5,0.14670111085518261
18:19.9,Doctor,Environmental Data,0.5272924240430485,0.9,0.2689414213699951,0.06348787
18:19.9,Family Member,Medical History,0.5272924240430485,0.7,0.8807970779778823,0.3544919936792607
18:19.9,Family Member,Medication,0.5272924240430485,0.7,0.7310585786300049,0.22495954328869214
18:19.9,Family Member,Lifestyle Data,0.5272924240430485,0.7,0.5,0.23192746706043485
18:19.9,Family Member,Environmental Data,0.5272924240430485,0.7,0.2689414213699951,0.078136871
18:19.9,Researcher,Medical History,0.5272924240430485,0.5,0.8807970779778823,0.2831727948522267
18:19.9,Researcher,Medication,0.5272924240430485,0.5,0.7310585786300049,0.15614901228880365
18:19.9,Researcher,Lifestyle Data,0.5272924240430485,0.5,0.5,0.1616380654349211
18:19.9,Researcher,Environmental Data,0.5272924240430485,0.5,0.2689414213699951,0.017887425621778336
18:19.9,Doctor,Medical History,0.5325918010068972,0.9,0.8807970779778823,0.45223750492995324
18:19.9,Doctor,Medication,0.5325918010068972,0.9,0.7310585786300049,0.3744264766430801
18:19.9,Doctor,Lifestyle Data,0.5325918010068972,0.9,0.5,0.24496545229210787
18:19.9,Doctor,Environmental Data,0.5325918010068972,0.9,0.2689414213699951,0.11410067916240067
18:19.9,Family Member,Medical History,0.5325918010068972,0.7,0.8807970779778823,0.3619534325416926
18:19.9,Family Member,Medication,0.5325918010068972,0.7,0.7310585786300049,0.3609067795829121
18:19.9,Family Member,Lifestyle Data,0.5325918010068972,0.7,0.5,0.15576534889499705
18:19.9,Family Member,Environmental Data,0.5325918010068972,0.7,0.2689414213699951,0.02968413
18:19.9,Researcher,Medical History,0.5325918010068972,0.5,0.8807970779778823,0.28867578169581914
18:19.9,Researcher,Medication,0.5325918010068972,0.5,0.7310585786300049,0.15947396823424922
18:19.9,Researcher,Lifestyle Data,0.5325918010068972,0.5,0.5,0.11686312587618188
18:19.9,Researcher,Environmental Data,0.5325918010068972,0.5,0.2689414213699951,0.069516235
18:19.9,Doctor,Medical History,0.5379444375946745,0.9,0.8807970779778823,0.46988464051003453
18:19.9,Doctor,Medication,0.5379444375946745,0.9,0.7310585786300049,0.3379049673096815
18:19.9,Doctor,Lifestyle Data,0.5379444375946745,0.9,0.5,0.23514718984781635
18:19.9,Doctor,Environmental Data,0.5379444375946745,0.9,0.2689414213699951,0.085366632
18:19.9,Family Member,Medical History,0.5379444375946745,0.7,0.8807970779778823,0.3170013570015498
18:19.9,Family Member,Medication,0.5379444375946745,0.7,0.7310585786300049,0.36039555041794175
18:19.9,Family Member,Lifestyle Data,0.5379444375946745,0.7,0.5,0.1482665064441006
18:19.9,Family Member,Environmental Data,0.5379444375946745,0.7,0.2689414213699951,0.024954190785099875
18:19.9,Researcher,Medical History,0.5379444375946745,0.5,0.8807970779778823,0.29219826970825274
18:19.9,Researcher,Medication,0.5379444375946745,0.5,0.7310585786300049,0.14437883759356282
18:19.9,Researcher,Lifestyle Data,0.5379444375946745,0.5,0.5,0.11951974674754971
18:19.9,Researcher,Environmental Data,0.5379444375946745,0.5,0.2689414213699951,0.13694222497758574
18:19.9,Doctor,Medical History,0.5433508690744998,0.9,0.8807970779778823,0.5339745207925874
18:19.9,Doctor,Medication,0.5433508690744998,0.9,0.7310585786300049,0.3567667981393922
18:19.9,Doctor,Lifestyle Data,0.5433508690744998,0.9,0.5,0.23873954757823254
18:19.9,Doctor,Environmental Data,0.5433508690744998,0.9,0.2689414213699951,0.20054401549125678
18:19.9,Family Member,Medical History,0.5433508690744998,0.7,0.8807970779778823,0.4172945610699554
18:19.9,Family Member,Medication,0.5433508690744998,0.7,0.7310585786300049,0.31106100774097356
18:19.9,Family Member,Lifestyle Data,0.5433508690744998,0.7,0.5,0.2305760259763058
18:19.9,Family Member,Environmental Data,0.5433508690744998,0.7,0.2689414213699951,0.12419067684464247
18:19.9,Researcher,Medical History,0.5433508690744998,0.5,0.8807970779778823,0.2850150164925467
18:19.9,Researcher,Medication,0.5433508690744998,0.5,0.7310585786300049,0.26668247010078017
18:19.9,Researcher,Lifestyle Data,0.5433508690744998,0.5,0.5,0.13861242535109491
18:19.9,Researcher,Environmental Data,0.5433508690744998,0.5,0.2689414213699951,0.13634320597887717
18:19.9,Doctor,Medical History,0.5488116360940264,0.9,0.8807970779778823,0.4708076962965463
18:19.9,Doctor,Medication,0.5488116360940264,0.9,0.7310585786300049,0.3622935920885524
18:19.9,Doctor,Lifestyle Data,0.5488116360940264,0.9,0.5,0.35099898355187453
18:19.9,Doctor,Environmental Data,0.5488116360940264,0.9,0.2689414213699951,0.16567860471957524
18:19.9,Family Member,Medical History,0.5488116360940264,0.7,0.8807970779778823,0.40535884101062264
18:19.9,Family Member,Medication,0.5488116360940264,0.7,0.7310585786300049,0.25943882667977275
18:19.9,Family Member,Lifestyle Data,0.5488116360940264,0.7,0.5,0.18235163693159742
18:19.9,Family Member,Environmental Data,0.5488116360940264,0.7,0.2689414213699951,0.029377144
18:19.9,Researcher,Medical History,0.5488116360940264,0.5,0.8807970779778823,0.2126021698233422
18:19.9,Researcher,Medication,0.5488116360940264,0.5,0.7310585786300049,0.27021299711121893
18:19.9,Researcher,Lifestyle Data,0.5488116360940264,0.5,0.5,0.0462125
18:19.9,Researcher,Environmental Data,0.5488116360940264,0.5,0.2689414213699951,0.035092392060842165
18:19.9,Doctor,Medical History,0.5543272847345071,0.9,0.8807970779778823,0.3341006443448817
18:19.9,Doctor,Medication,0.5543272847345071,0.9,0.7310585786300049,0.376604648
18:19.9,Doctor,Lifestyle Data,0.5543272847345071,0.9,0.5,0.2153865778758034
18:19.9,Doctor,Environmental Data,0.5543272847345071,0.9,0.2689414213699951,0.14182272551642253
18:19.9,Family Member,Medical History,0.5543272847345071,0.7,0.8807970779778823,0.3486812463707441
18:19.9,Family Member,Medication,0.5543272847345071,0.7,0.7310585786300049,0.25870257842233535
18:19.9,Family Member,Lifestyle Data,0.5543272847345071,0.7,0.5,0.23086456461189883
18:19.9,Family Member,Environmental Data,0.5543272847345071,0.7,0.2689414213699951,0.1168631432626563
18:19.9,Researcher,Medical History,0.5543272847345071,0.5,0.8807970779778823,0.3180485905771977
18:19.9,Researcher,Medication,0.5543272847345071,0.5,0.7310585786300049,0.29104363272085415
18:19.9,Researcher,Lifestyle Data,0.5543272847345071,0.5,0.5,0.14625410137683112
18:19.9,Researcher,Environmental Data,0.5543272847345071,0.5,0.2689414213699951,0.13817834662911738
18:19.9,Doctor,Medical History,0.559898367,0.9,0.8807970779778823,0.3416528552278908
18:19.9,Doctor,Medication,0.559898367,0.9,0.7310585786300049,0.3459494897942349
18:19.9,Doctor,Lifestyle Data,0.559898367,0.9,0.5,0.23259293060995098
18:19.9,Doctor,Environmental Data,0.559898367,0.9,0.2689414213699951,0.10794463183151523
18:19.9,Family Member,Medical History,0.559898367,0.7,0.8807970779778823,0.29279896689070073
18:19.9,Family Member,Medication,0.559898367,0.7,0.7310585786300049,0.18465497090967634
18:19.9,Family Member,Lifestyle Data,0.559898367,0.7,0.5,0.1674356700405638
18:19.9,Family Member,Environmental Data,0.559898367,0.7,0.2689414213699951,0.118759078
18:19.9,Researcher,Medical History,0.559898367,0.5,0.8807970779778823,0.253238846
18:19.9,Researcher,Medication,0.559898367,0.5,0.7310585786300049,0.22610859711332326
18:19.9,Researcher,Lifestyle Data,0.559898367,0.5,0.5,0.13513993960703796
18:19.9,Researcher,Environmental Data,0.559898367,0.5,0.2689414213699951,0.1328732468355764
18:19.9,Doctor,Medical History,0.5655254386995371,0.9,0.8807970779778823,0.501669346
18:19.9,Doctor,Medication,0.5655254386995371,0.9,0.7310585786300049,0.3064231603823629
18:19.9,Doctor,Lifestyle Data,0.5655254386995371,0.9,0.5,0.20506637751941031
18:19.9,Doctor,Environmental Data,0.5655254386995371,0.9,0.2689414213699951,0.14624658506571353
18:19.9,Family Member,Medical History,0.5655254386995371,0.7,0.8807970779778823,0.3004832402183819
18:19.9,Family Member,Medication,0.5655254386995371,0.7,0.7310585786300049,0.316302881
18:19.9,Family Member,Lifestyle Data,0.5655254386995371,0.7,0.5,0.1387431637504951
18:19.9,Family Member,Environmental Data,0.5655254386995371,0.7,0.2689414213699951,0.015482876669967074
18:19.9,Researcher,Medical History,0.5655254386995371,0.5,0.8807970779778823,0.20795899250112593
18:19.9,Researcher,Medication,0.5655254386995371,0.5,0.7310585786300049,0.1879816974051122
18:19.9,Researcher,Lifestyle Data,0.5655254386995371,0.5,0.5,0.13555672623627807
18:19.9,Researcher,Environmental Data,0.5655254386995371,0.5,0.2689414213699951,0.076147095
18:19.9,Doctor,Medical History,0.5712090638488149,0.9,0.8807970779778823,0.3814935443321442
18:19.9,Doctor,Medication,0.5712090638488149,0.9,0.7310585786300049,0.3215000382256182
18:19.9,Doctor,Lifestyle Data,0.5712090638488149,0.9,0.5,0.3164306846919408
18:19.9,Doctor,Environmental Data,0.5712090638488149,0.9,0.2689414213699951,0.19396902798404556
18:19.9,Family Member,Medical History,0.5712090638488149,0.7,0.8807970779778823,0.27270699493732775
18:19.9,Family Member,Medication,0.5712090638488149,0.7,0.7310585786300049,0.3902305004513196
18:19.9,Family Member,Lifestyle Data,0.5712090638488149,0.7,0.5,0.1764430816627493
18:19.9,Family Member,Environmental Data,0.5712090638488149,0.7,0.2689414213699951,0.000637546
18:19.9,Researcher,Medical History,0.5712090638488149,0.5,0.8807970779778823,0.16301388496825903
18:19.9,Researcher,Medication,0.5712090638488149,0.5,0.7310585786300049,0.18740426809809468
18:19.9,Researcher,Lifestyle Data,0.5712090638488149,0.5,0.5,0.16758851498664576
18:19.9,Researcher,Environmental Data,0.5712090638488149,0.5,0.2689414213699951,0.063760218
18:19.9,Doctor,Medical History,0.5769498103804866,0.9,0.8807970779778823,0.4237802985776214
18:19.9,Doctor,Medication,0.5769498103804866,0.9,0.7310585786300049,0.3884272195397724
18:19.9,Doctor,Lifestyle Data,0.5769498103804866,0.9,0.5,0.30291839148742894
18:19.9,Doctor,Environmental Data,0.5769498103804866,0.9,0.2689414213699951,0.13940210495182598
18:19.9,Family Member,Medical History,0.5769498103804866,0.7,0.8807970779778823,0.26089860985648106
18:19.9,Family Member,Medication,0.5769498103804866,0.7,0.7310585786300049,0.3524922008408112
18:19.9,Family Member,Lifestyle Data,0.5769498103804866,0.7,0.5,0.16212924424812758
18:19.9,Family Member,Environmental Data,0.5769498103804866,0.7,0.2689414213699951,0.12876299396319268
18:19.9,Researcher,Medical History,0.5769498103804866,0.5,0.8807970779778823,0.29578617933486784
18:19.9,Researcher,Medication,0.5769498103804866,0.5,0.7310585786300049,0.2599318710452285
18:19.9,Researcher,Lifestyle Data,0.5769498103804866,0.5,0.5,0.089713777
18:19.9,Researcher,Environmental Data,0.5769498103804866,0.5,0.2689414213699951,0.003032952
18:19.9,Doctor,Medical History,0.5827482523739896,0.9,0.8807970779778823,0.4268366304069467
18:19.9,Doctor,Medication,0.5827482523739896,0.9,0.7310585786300049,0.3819548907475365
18:19.9,Doctor,Lifestyle Data,0.5827482523739896,0.9,0.5,0.3346423377501974
18:19.9,Doctor,Environmental Data,0.5827482523739896,0.9,0.2689414213699951,0.20480135159048207
18:19.9,Family Member,Medical History,0.5827482523739896,0.7,0.8807970779778823,0.3078180646096204
18:19.9,Family Member,Medication,0.5827482523739896,0.7,0.7310585786300049,0.2720062697765692
18:19.9,Family Member,Lifestyle Data,0.5827482523739896,0.7,0.5,0.18030670055389017
18:19.9,Family Member,Environmental Data,0.5827482523739896,0.7,0.2689414213699951,0.081579292
18:19.9,Researcher,Medical History,0.5827482523739896,0.5,0.8807970779778823,0.19252245603257886
18:19.9,Researcher,Medication,0.5827482523739896,0.5,0.7310585786300049,0.24697193876610704
18:19.9,Researcher,Lifestyle Data,0.5827482523739896,0.5,0.5,0.057099773
18:19.9,Researcher,Environmental Data,0.5827482523739896,0.5,0.2689414213699951,0.074792112
18:19.9,Doctor,Medical History,0.5886049696783552,0.9,0.8807970779778823,0.4237819561973485
18:19.9,Doctor,Medication,0.5886049696783552,0.9,0.7310585786300049,0.365916689
18:19.9,Doctor,Lifestyle Data,0.5886049696783552,0.9,0.5,0.266764803
18:19.9,Doctor,Environmental Data,0.5886049696783552,0.9,0.2689414213699951,0.10313402470208456
18:19.9,Family Member,Medical History,0.5886049696783552,0.7,0.8807970779778823,0.3770953865892635
18:19.9,Family Member,Medication,0.5886049696783552,0.7,0.7310585786300049,0.31718952436013037
18:19.9,Family Member,Lifestyle Data,0.5886049696783552,0.7,0.5,0.17542014297689815
18:19.9,Family Member,Environmental Data,0.5886049696783552,0.7,0.2689414213699951,0.22329639937627566
18:19.9,Researcher,Medical History,0.5886049696783552,0.5,0.8807970779778823,0.27441096745807986
18:19.9,Researcher,Medication,0.5886049696783552,0.5,0.7310585786300049,0.17635517388118915
18:19.9,Researcher,Lifestyle Data,0.5886049696783552,0.5,0.5,0.16513143548208323
18:19.9,Researcher,Environmental Data,0.5886049696783552,0.5,0.2689414213699951,0.07966828
18:19.9,Doctor,Medical History,0.5945205479701944,0.9,0.8807970779778823,0.449768011
18:19.9,Doctor,Medication,0.5945205479701944,0.9,0.7310585786300049,0.3828223876555358
18:19.9,Doctor,Lifestyle Data,0.5945205479701944,0.9,0.5,0.3239242372237057
18:19.9,Doctor,Environmental Data,0.5945205479701944,0.9,0.2689414213699951,0.1605840650691442
18:19.9,Family Member,Medical History,0.5945205479701944,0.7,0.8807970779778823,0.3294060467082122
18:19.9,Family Member,Medication,0.5945205479701944,0.7,0.7310585786300049,0.2887813421327966
18:19.9,Family Member,Lifestyle Data,0.5945205479701944,0.7,0.5,0.19053463806237914
18:19.9,Family Member,Environmental Data,0.5945205479701944,0.7,0.2689414213699951,0.10465981321580377
18:19.9,Researcher,Medical History,0.5945205479701944,0.5,0.8807970779778823,0.24745162866877066
18:19.9,Researcher,Medication,0.5945205479701944,0.5,0.7310585786300049,0.2677271908840969
18:19.9,Researcher,Lifestyle Data,0.5945205479701944,0.5,0.5,0.10937602359562401
18:19.9,Researcher,Environmental Data,0.5945205479701944,0.5,0.2689414213699951,0.10388444618837725
18:19.9,Doctor,Medical History,0.6004955788122659,0.9,0.8807970779778823,0.45928375837751756
18:19.9,Doctor,Medication,0.6004955788122659,0.9,0.7310585786300049,0.3723745040127562
18:19.9,Doctor,Lifestyle Data,0.6004955788122659,0.9,0.5,0.22583374348525237
18:19.9,Doctor,Environmental Data,0.6004955788122659,0.9,0.2689414213699951,0.059295933741034285
18:19.9,Family Member,Medical History,0.6004955788122659,0.7,0.8807970779778823,0.30478745189192835
18:19.9,Family Member,Medication,0.6004955788122659,0.7,0.7310585786300049,0.3461814642123384
18:19.9,Family Member,Lifestyle Data,0.6004955788122659,0.7,0.5,0.26363178002328114
18:19.9,Family Member,Environmental Data,0.6004955788122659,0.7,0.2689414213699951,0.067226589
18:19.9,Researcher,Medical History,0.6004955788122659,0.5,0.8807970779778823,0.2526083664175895
18:19.9,Researcher,Medication,0.6004955788122659,0.5,0.7310585786300049,0.32230357
18:19.9,Researcher,Lifestyle Data,0.6004955788122659,0.5,0.5,0.1599599811385018
18:19.9,Researcher,Environmental Data,0.6004955788122659,0.5,0.2689414213699951,0.045410757
18:19.9,Doctor,Medical History,0.6065306597126334,0.9,0.8807970779778823,0.44238077429223427
18:19.9,Doctor,Medication,0.6065306597126334,0.9,0.7310585786300049,0.3880571662414101
18:19.9,Doctor,Lifestyle Data,0.6065306597126334,0.9,0.5,0.35923481924749723
18:19.9,Doctor,Environmental Data,0.6065306597126334,0.9,0.2689414213699951,0.1415820142841776
18:19.9,Family Member,Medical History,0.6065306597126334,0.7,0.8807970779778823,0.36305412791422925
18:19.9,Family Member,Medication,0.6065306597126334,0.7,0.7310585786300049,0.3196548073374797
18:19.9,Family Member,Lifestyle Data,0.6065306597126334,0.7,0.5,0.3166938271529935
18:19.9,Family Member,Environmental Data,0.6065306597126334,0.7,0.2689414213699951,0.135291788
18:19.9,Researcher,Medical History,0.6065306597126334,0.5,0.8807970779778823,0.26316841167985183
18:19.9,Researcher,Medication,0.6065306597126334,0.5,0.7310585786300049,0.23774241530176318
18:19.9,Researcher,Lifestyle Data,0.6065306597126334,0.5,0.5,0.1566924463116197
18:19.9,Researcher,Environmental Data,0.6065306597126334,0.5,0.2689414213699951,0
18:19.9,Doctor,Medical History,0.6126263941844161,0.9,0.8807970779778823,0.4434890865707512
18:19.9,Doctor,Medication,0.6126263941844161,0.9,0.7310585786300049,0.4324454282219283
18:19.9,Doctor,Lifestyle Data,0.6126263941844161,0.9,0.5,0.3392647582381334
18:19.9,Doctor,Environmental Data,0.6126263941844161,0.9,0.2689414213699951,0.12423344832721758
18:19.9,Family Member,Medical History,0.6126263941844161,0.7,0.8807970779778823,0.4044760299002026
18:19.9,Family Member,Medication,0.6126263941844161,0.7,0.7310585786300049,0.3018253887777623
18:19.9,Family Member,Lifestyle Data,0.6126263941844161,0.7,0.5,0.2812524063804726
18:19.9,Family Member,Environmental Data,0.6126263941844161,0.7,0.2689414213699951,0.14203805058491512
18:19.9,Researcher,Medical History,0.6126263941844161,0.5,0.8807970779778823,0.28045333681908113
18:19.9,Researcher,Medication,0.6126263941844161,0.5,0.7310585786300049,0.24826905998152374
18:19.9,Researcher,Lifestyle Data,0.6126263941844161,0.5,0.5,0.19610164574593636
18:19.9,Researcher,Environmental Data,0.6126263941844161,0.5,0.2689414213699951,0.095897918
18:19.9,Doctor,Medical History,0.6187833918061408,0.9,0.8807970779778823,0.48055393110044814
18:19.9,Doctor,Medication,0.6187833918061408,0.9,0.7310585786300049,0.44693539479300237
18:19.9,Doctor,Lifestyle Data,0.6187833918061408,0.9,0.5,0.3065195625453462
18:19.9,Doctor,Environmental Data,0.6187833918061408,0.9,0.2689414213699951,0.21471175674733953
18:19.9,Family Member,Medical History,0.6187833918061408,0.7,0.8807970779778823,0.3039136038867327
18:19.9,Family Member,Medication,0.6187833918061408,0.7,0.7310585786300049,0.302293207
18:19.9,Family Member,Lifestyle Data,0.6187833918061408,0.7,0.5,0.16141480651442128
18:19.9,Family Member,Environmental Data,0.6187833918061408,0.7,0.2689414213699951,0.18924921050195853
18:19.9,Researcher,Medical History,0.6187833918061408,0.5,0.8807970779778823,0.29376109979403847
18:19.9,Researcher,Medication,0.6187833918061408,0.5,0.7310585786300049,0.2993158037682081
18:19.9,Researcher,Lifestyle Data,0.6187833918061408,0.5,0.5,0.2265789394869253
18:19.9,Researcher,Environmental Data,0.6187833918061408,0.5,0.2689414213699951,0.095446005
18:19.9,Doctor,Medical History,0.6250022682827008,0.9,0.8807970779778823,0.5028492461597579
18:19.9,Doctor,Medication,0.6250022682827008,0.9,0.7310585786300049,0.3330735334778221
18:19.9,Doctor,Lifestyle Data,0.6250022682827008,0.9,0.5,0.21794719502074206
18:19.9,Doctor,Environmental Data,0.6250022682827008,0.9,0.2689414213699951,0.10225145987515202
18:19.9,Family Member,Medical History,0.6250022682827008,0.7,0.8807970779778823,0.39773469395245126
18:19.9,Family Member,Medication,0.6250022682827008,0.7,0.7310585786300049,0.32906508875554685
18:19.9,Family Member,Lifestyle Data,0.6250022682827008,0.7,0.5,0.2303940719760487
18:19.9,Family Member,Environmental Data,0.6250022682827008,0.7,0.2689414213699951,0.085290192
18:19.9,Researcher,Medical History,0.6250022682827008,0.5,0.8807970779778823,0.20803108572934098
18:19.9,Researcher,Medication,0.6250022682827008,0.5,0.7310585786300049,0.21253329838548463
18:19.9,Researcher,Lifestyle Data,0.6250022682827008,0.5,0.5,0.19670099426280552
18:19.9,Researcher,Environmental Data,0.6250022682827008,0.5,0.2689414213699951,0.082741399
18:19.9,Doctor,Medical History,0.631283646,0.9,0.8807970779778823,0.5508830827582815
18:19.9,Doctor,Medication,0.631283646,0.9,0.7310585786300049,0.39800369037534833
18:19.9,Doctor,Lifestyle Data,0.631283646,0.9,0.5,0.23147505188128448
18:19.9,Doctor,Environmental Data,0.631283646,0.9,0.2689414213699951,0.17448365430682183
18:19.9,Family Member,Medical History,0.631283646,0.7,0.8807970779778823,0.38428020876630453
18:19.9,Family Member,Medication,0.631283646,0.7,0.7310585786300049,0.3327633619072205
18:19.9,Family Member,Lifestyle Data,0.631283646,0.7,0.5,0.11095547093866562
18:19.9,Family Member,Environmental Data,0.631283646,0.7,0.2689414213699951,0.12608347246364826
18:19.9,Researcher,Medical History,0.631283646,0.5,0.8807970779778823,0.2940305092579212
18:19.9,Researcher,Medication,0.631283646,0.5,0.7310585786300049,0.16438384900041253
18:19.9,Researcher,Lifestyle Data,0.631283646,0.5,0.5,0.2657468085731179
18:19.9,Researcher,Environmental Data,0.631283646,0.5,0.2689414213699951,0.11788279138222377
18:19.9,Doctor,Medical History,0.6376281516217733,0.9,0.8807970779778823,0.4973776320354578
18:19.9,Doctor,Medication,0.6376281516217733,0.9,0.7310585786300049,0.46281755431544913
18:19.9,Doctor,Lifestyle Data,0.6376281516217733,0.9,0.5,0.3475980527839355
18:19.9,Doctor,Environmental Data,0.6376281516217733,0.9,0.2689414213699951,0.20157662139654522
18:19.9,Family Member,Medical History,0.6376281516217733,0.7,0.8807970779778823,0.3765958196310876
18:19.9,Family Member,Medication,0.6376281516217733,0.7,0.7310585786300049,0.343720452
18:19.9,Family Member,Lifestyle Data,0.6376281516217733,0.7,0.5,0.2129597481975479
18:19.9,Family Member,Environmental Data,0.6376281516217733,0.7,0.2689414213699951,0.15328639855401036
18:19.9,Researcher,Medical History,0.6376281516217733,0.5,0.8807970779778823,0.2834396504089232
18:19.9,Researcher,Medication,0.6376281516217733,0.5,0.7310585786300049,0.3373144130196142
18:19.9,Researcher,Lifestyle Data,0.6376281516217733,0.5,0.5,0.18212479696683925
18:19.9,Researcher,Environmental Data,0.6376281516217733,0.5,0.2689414213699951,0.069613072
18:19.9,Doctor,Medical History,0.6440364210831414,0.9,0.8807970779778823,0.3558507296296233
18:19.9,Doctor,Medication,0.6440364210831414,0.9,0.7310585786300049,0.49407672741648806
18:19.9,Doctor,Lifestyle Data,0.6440364210831414,0.9,0.5,0.28728424264489455
18:19.9,Doctor,Environmental Data,0.6440364210831414,0.9,0.2689414213699951,0.19284132584123023
18:19.9,Family Member,Medical History,0.6440364210831414,0.7,0.8807970779778823,0.4544034389558463
18:19.9,Family Member,Medication,0.6440364210831414,0.7,0.7310585786300049,0.35752295056669386
18:19.9,Family Member,Lifestyle Data,0.6440364210831414,0.7,0.5,0.1595866150988507
18:19.9,Family Member,Environmental Data,0.6440364210831414,0.7,0.2689414213699951,0.1737585301799631
18:19.9,Researcher,Medical History,0.6440364210831414,0.5,0.8807970779778823,0.21296665569693068
18:19.9,Researcher,Medication,0.6440364210831414,0.5,0.7310585786300049,0.22714665130645983
18:19.9,Researcher,Lifestyle Data,0.6440364210831414,0.5,0.5,0.14193379799528405
18:19.9,Researcher,Environmental Data,0.6440364210831414,0.5,0.2689414213699951,0.053368446
18:19.9,Doctor,Medical History,0.6505090947233165,0.9,0.8807970779778823,0.5138381591257613
18:19.9,Doctor,Medication,0.6505090947233165,0.9,0.7310585786300049,0.35773218567681087
18:19.9,Doctor,Lifestyle Data,0.6505090947233165,0.9,0.5,0.27328400631153676
18:19.9,Doctor,Environmental Data,0.6505090947233165,0.9,0.2689414213699951,0.11966698082734073
18:19.9,Family Member,Medical History,0.6505090947233165,0.7,0.8807970779778823,0.3680839445594413
18:19.9,Family Member,Medication,0.6505090947233165,0.7,0.7310585786300049,0.3094591986975007
18:19.9,Family Member,Lifestyle Data,0.6505090947233165,0.7,0.5,0.1783104928498847
18:19.9,Family Member,Environmental Data,0.6505090947233165,0.7,0.2689414213699951,0.021117713422142276
18:19.9,Researcher,Medical History,0.6505090947233165,0.5,0.8807970779778823,0.3476506616240371
18:19.9,Researcher,Medication,0.6505090947233165,0.5,0.7310585786300049,0.2808472930737661
18:19.9,Researcher,Lifestyle Data,0.6505090947233165,0.5,0.5,0.23409303297405581
18:19.9,Researcher,Environmental Data,0.6505090947233165,0.5,0.2689414213699951,0.08326634
18:19.9,Doctor,Medical History,0.6570468198150567,0.9,0.8807970779778823,0.5917224236432634
18:19.9,Doctor,Medication,0.6570468198150567,0.9,0.7310585786300049,0.41165922970947405
18:19.9,Doctor,Lifestyle Data,0.6570468198150567,0.9,0.5,0.34004027240211676
18:19.9,Doctor,Environmental Data,0.6570468198150567,0.9,0.2689414213699951,0.24384507319454923
18:19.9,Family Member,Medical History,0.6570468198150567,0.7,0.8807970779778823,0.29453496673593343
18:19.9,Family Member,Medication,0.6570468198150567,0.7,0.7310585786300049,0.4577132558459181
18:19.9,Family Member,Lifestyle Data,0.6570468198150567,0.7,0.5,0.3333656612370956
18:19.9,Family Member,Environmental Data,0.6570468198150567,0.7,0.2689414213699951,0.19309628296093023
18:19.9,Researcher,Medical History,0.6570468198150567,0.5,0.8807970779778823,0.2431561795058964
18:19.9,Researcher,Medication,0.6570468198150567,0.5,0.7310585786300049,0.1667444557766507
18:19.9,Researcher,Lifestyle Data,0.6570468198150567,0.5,0.5,0.2426667851503081
18:19.9,Researcher,Environmental Data,0.6570468198150567,0.5,0.2689414213699951,0.047395819
18:19.9,Doctor,Medical History,0.6636502501363194,0.9,0.8807970779778823,0.4594718169040033
18:19.9,Doctor,Medication,0.6636502501363194,0.9,0.7310585786300049,0.525807876
18:19.9,Doctor,Lifestyle Data,0.6636502501363194,0.9,0.5,0.3467677494622481
18:19.9,Doctor,Environmental Data,0.6636502501363194,0.9,0.2689414213699951,0.1731560997413174
18:19.9,Family Member,Medical History,0.6636502501363194,0.7,0.8807970779778823,0.42653196022908896
18:19.9,Family Member,Medication,0.6636502501363194,0.7,0.7310585786300049,0.26026928472590005
18:19.9,Family Member,Lifestyle Data,0.6636502501363194,0.7,0.5,0.236576781
18:19.9,Family Member,Environmental Data,0.6636502501363194,0.7,0.2689414213699951,0.12864198375542607
18:19.9,Researcher,Medical History,0.6636502501363194,0.5,0.8807970779778823,0.379210992
18:19.9,Researcher,Medication,0.6636502501363194,0.5,0.7310585786300049,0.1805644024790901
18:19.9,Researcher,Lifestyle Data,0.6636502501363194,0.5,0.5,0.18361526285334462
18:19.9,Researcher,Environmental Data,0.6636502501363194,0.5,0.2689414213699951,0.14130134744369788
18:19.9,Doctor,Medical History,0.6703200460356393,0.9,0.8807970779778823,0.521680504
18:19.9,Doctor,Medication,0.6703200460356393,0.9,0.7310585786300049,0.4027272573467351
18:19.9,Doctor,Lifestyle Data,0.6703200460356393,0.9,0.5,0.3353380210825247
18:19.9,Doctor,Environmental Data,0.6703200460356393,0.9,0.2689414213699951,0.1837260090650153
18:19.9,Family Member,Medical History,0.6703200460356393,0.7,0.8807970779778823,0.3766817630650287
18:19.9,Family Member,Medication,0.6703200460356393,0.7,0.7310585786300049,0.32018064114520123
18:19.9,Family Member,Lifestyle Data,0.6703200460356393,0.7,0.5,0.2753282451260185
18:19.9,Family Member,Environmental Data,0.6703200460356393,0.7,0.2689414213699951,0.17157636365046142
18:19.9,Researcher,Medical History,0.6703200460356393,0.5,0.8807970779778823,0.30713045629787644
18:19.9,Researcher,Medication,0.6703200460356393,0.5,0.7310585786300049,0.3077479130640815
18:19.9,Researcher,Lifestyle Data,0.6703200460356393,0.5,0.5,0.16535016383870763
18:19.9,Researcher,Environmental Data,0.6703200460356393,0.5,0.2689414213699951,0.052075087243462645
18:19.9,Doctor,Medical History,0.6770568744981647,0.9,0.8807970779778823,0.5144995994167012
18:19.9,Doctor,Medication,0.6770568744981647,0.9,0.7310585786300049,0.4936094445378363
18:19.9,Doctor,Lifestyle Data,0.6770568744981647,0.9,0.5,0.340545151
18:19.9,Doctor,Environmental Data,0.6770568744981647,0.9,0.2689414213699951,0.19750114812205097
18:19.9,Family Member,Medical History,0.6770568744981647,0.7,0.8807970779778823,0.4495976009698695
18:19.9,Family Member,Medication,0.6770568744981647,0.7,0.7310585786300049,0.3389181175624398
18:19.9,Family Member,Lifestyle Data,0.6770568744981647,0.7,0.5,0.22434006248388855
18:19.9,Family Member,Environmental Data,0.6770568744981647,0.7,0.2689414213699951,0.14909383677117122
18:19.9,Researcher,Medical History,0.6770568744981647,0.5,0.8807970779778823,0.20545477652002156
18:19.9,Researcher,Medication,0.6770568744981647,0.5,0.7310585786300049,0.33249574967298723
18:19.9,Researcher,Lifestyle Data,0.6770568744981647,0.5,0.5,0.2129543918994276
18:19.9,Researcher,Environmental Data,0.6770568744981647,0.5,0.2689414213699951,0.065729773
18:19.9,Doctor,Medical History,0.6838614092123558,0.9,0.8807970779778823,0.6005233706237452
18:19.9,Doctor,Medication,0.6838614092123558,0.9,0.7310585786300049,0.39776163572336043
18:19.9,Doctor,Lifestyle Data,0.6838614092123558,0.9,0.5,0.3368532244834108
18:19.9,Doctor,Environmental Data,0.6838614092123558,0.9,0.2689414213699951,0.16384546735638383
18:19.9,Family Member,Medical History,0.6838614092123558,0.7,0.8807970779778823,0.4742796317092345
18:19.9,Family Member,Medication,0.6838614092123558,0.7,0.7310585786300049,0.3954585093099808
18:19.9,Family Member,Lifestyle Data,0.6838614092123558,0.7,0.5,0.3481781047829807
18:19.9,Family Member,Environmental Data,0.6838614092123558,0.7,0.2689414213699951,0.14188964203885496
18:19.9,Researcher,Medical History,0.6838614092123558,0.5,0.8807970779778823,0.24899635213453974
18:19.9,Researcher,Medication,0.6838614092123558,0.5,0.7310585786300049,0.23987571515114037
18:19.9,Researcher,Lifestyle Data,0.6838614092123558,0.5,0.5,0.18393154544356538
18:19.9,Researcher,Environmental Data,0.6838614092123558,0.5,0.2689414213699951,0.143694591
18:19.9,Doctor,Medical History,0.6907343306373547,0.9,0.8807970779778823,0.5104766914921072
18:19.9,Doctor,Medication,0.6907343306373547,0.9,0.7310585786300049,0.4676763354993292
18:19.9,Doctor,Lifestyle Data,0.6907343306373547,0.9,0.5,0.2105631325315508
18:19.9,Doctor,Environmental Data,0.6907343306373547,0.9,0.2689414213699951,0.20512195131879685
18:19.9,Family Member,Medical History,0.6907343306373547,0.7,0.8807970779778823,0.4983798156675632
18:19.9,Family Member,Medication,0.6907343306373547,0.7,0.7310585786300049,0.4024297562897413
18:19.9,Family Member,Lifestyle Data,0.6907343306373547,0.7,0.5,0.2690325570329274
18:19.9,Family Member,Environmental Data,0.6907343306373547,0.7,0.2689414213699951,0.082677747
18:19.9,Researcher,Medical History,0.6907343306373547,0.5,0.8807970779778823,0.3021378315210835
18:19.9,Researcher,Medication,0.6907343306373547,0.5,0.7310585786300049,0.3562861467348767
18:19.9,Researcher,Lifestyle Data,0.6907343306373547,0.5,0.5,0.19837654751152337
18:19.9,Researcher,Environmental Data,0.6907343306373547,0.5,0.2689414213699951,0.13388895325840647
18:19.9,Doctor,Medical History,0.697676326,0.9,0.8807970779778823,0.4552007998923473
18:19.9,Doctor,Medication,0.697676326,0.9,0.7310585786300049,0.5641706615515019
18:19.9,Doctor,Lifestyle Data,0.697676326,0.9,0.5,0.2847295503700469
18:19.9,Doctor,Environmental Data,0.697676326,0.9,0.2689414213699951,0.085889519
18:19.9,Family Member,Medical History,0.697676326,0.7,0.8807970779778823,0.4489968149008667
18:19.9,Family Member,Medication,0.697676326,0.7,0.7310585786300049,0.2871137892052773
18:19.9,Family Member,Lifestyle Data,0.697676326,0.7,0.5,0.28228991228723427
18:19.9,Family Member,Environmental Data,0.697676326,0.7,0.2689414213699951,0.14700113536530582
18:19.9,Researcher,Medical History,0.697676326,0.5,0.8807970779778823,0.3375844806132584
18:19.9,Researcher,Medication,0.697676326,0.5,0.7310585786300049,0.23521121650064675
18:19.9,Researcher,Lifestyle Data,0.697676326,0.5,0.5,0.1710111343694398
18:19.9,Researcher,Environmental Data,0.697676326,0.5,0.2689414213699951,0.036010636946183755
18:19.9,Doctor,Medical History,0.7046880897187134,0.9,0.8807970779778823,0.5113243640741482
18:19.9,Doctor,Medication,0.7046880897187134,0.9,0.7310585786300049,0.45955248127788917
18:19.9,Doctor,Lifestyle Data,0.7046880897187134,0.9,0.5,0.3107752476721109
18:19.9,Doctor,Environmental Data,0.7046880897187134,0.9,0.2689414213699951,0.16160733572682318
18:19.9,Family Member,Medical History,0.7046880897187134,0.7,0.8807970779778823,0.43833638291355576
18:19.9,Family Member,Medication,0.7046880897187134,0.7,0.7310585786300049,0.3584994050068696
18:19.9,Family Member,Lifestyle Data,0.7046880897187134,0.7,0.5,0.2224298028883364
18:19.9,Family Member,Environmental Data,0.7046880897187134,0.7,0.2689414213699951,0.14738345268175138
18:19.9,Researcher,Medical History,0.7046880897187134,0.5,0.8807970779778823,0.28218518881469323
18:19.9,Researcher,Medication,0.7046880897187134,0.5,0.7310585786300049,0.22941606493642133
18:19.9,Researcher,Lifestyle Data,0.7046880897187134,0.5,0.5,0.22570669470357732
18:19.9,Researcher,Environmental Data,0.7046880897187134,0.5,0.2689414213699951,0.18673194324622128
18:19.9,Doctor,Medical History,0.7117703227626097,0.9,0.8807970779778823,0.5258756995850783
18:19.9,Doctor,Medication,0.7117703227626097,0.9,0.7310585786300049,0.5207953168773708
18:19.9,Doctor,Lifestyle Data,0.7117703227626097,0.9,0.5,0.39082370571160546
18:19.9,Doctor,Environmental Data,0.7117703227626097,0.9,0.2689414213699951,0.050580618
18:19.9,Family Member,Medical History,0.7117703227626097,0.7,0.8807970779778823,0.3637749511388052
18:19.9,Family Member,Medication,0.7117703227626097,0.7,0.7310585786300049,0.3478559215244324
18:19.9,Family Member,Lifestyle Data,0.7117703227626097,0.7,0.5,0.2725067009711061
18:19.9,Family Member,Environmental Data,0.7117703227626097,0.7,0.2689414213699951,0.041449253
18:19.9,Researcher,Medical History,0.7117703227626097,0.5,0.8807970779778823,0.2771161168317872
18:19.9,Researcher,Medication,0.7117703227626097,0.5,0.7310585786300049,0.26231083447693254
18:19.9,Researcher,Lifestyle Data,0.7117703227626097,0.5,0.5,0.14935481991892163
18:19.9,Researcher,Environmental Data,0.7117703227626097,0.5,0.2689414213699951,0.15613351513137586
18:19.9,Doctor,Medical History,0.7189237334319262,0.9,0.8807970779778823,0.5187715971230419
18:19.9,Doctor,Medication,0.7189237334319262,0.9,0.7310585786300049,0.42824965283360317
18:19.9,Doctor,Lifestyle Data,0.7189237334319262,0.9,0.5,0.2995598686267007
18:19.9,Doctor,Environmental Data,0.7189237334319262,0.9,0.2689414213699951,0.19805386207788306
18:19.9,Family Member,Medical History,0.7189237334319262,0.7,0.8807970779778823,0.452280969
18:19.9,Family Member,Medication,0.7189237334319262,0.7,0.7310585786300049,0.2822925830682361
18:19.9,Family Member,Lifestyle Data,0.7189237334319262,0.7,0.5,0.3189461242639028
18:19.9,Family Member,Environmental Data,0.7189237334319262,0.7,0.2689414213699951,0.17804231745685029
18:19.9,Researcher,Medical History,0.7189237334319262,0.5,0.8807970779778823,0.23991064784709654
18:19.9,Researcher,Medication,0.7189237334319262,0.5,0.7310585786300049,0.25340723832599304
18:19.9,Researcher,Lifestyle Data,0.7189237334319262,0.5,0.5,0.2538824640887605
18:19.9,Researcher,Environmental Data,0.7189237334319262,0.5,0.2689414213699951,0.070979917
18:19.9,Doctor,Medical History,0.7261490370736909,0.9,0.8807970779778823,0.6441185840770415
18:19.9,Doctor,Medication,0.7261490370736909,0.9,0.7310585786300049,0.5207450580431953
18:19.9,Doctor,Lifestyle Data,0.7261490370736909,0.9,0.5,0.36754747308970215
18:19.9,Doctor,Environmental Data,0.7261490370736909,0.9,0.2689414213699951,0.075523157
18:19.9,Family Member,Medical History,0.7261490370736909,0.7,0.8807970779778823,0.43216994795258745
18:19.9,Family Member,Medication,0.7261490370736909,0.7,0.7310585786300049,0.34347709456911746
18:19.9,Family Member,Lifestyle Data,0.7261490370736909,0.7,0.5,0.24809989116520267
18:19.9,Family Member,Environmental Data,0.7261490370736909,0.7,0.2689414213699951,0.063356806
18:19.9,Researcher,Medical History,0.7261490370736909,0.5,0.8807970779778823,0.33693057349756256
18:19.9,Researcher,Medication,0.7261490370736909,0.5,0.7310585786300049,0.2734702874044997
18:19.9,Researcher,Lifestyle Data,0.7261490370736909,0.5,0.5,0.14854301926225053
18:19.9,Researcher,Environmental Data,0.7261490370736909,0.5,0.2689414213699951,0.10821379977314806
18:19.9,Doctor,Medical History,0.7334469562242892,0.9,0.8807970779778823,0.643465281
18:19.9,Doctor,Medication,0.7334469562242892,0.9,0.7310585786300049,0.5032325271868694
18:19.9,Doctor,Lifestyle Data,0.7334469562242892,0.9,0.5,0.327276185
18:19.9,Doctor,Environmental Data,0.7334469562242892,0.9,0.2689414213699951,0.096824927
18:19.9,Family Member,Medical History,0.7334469562242892,0.7,0.8807970779778823,0.4645703240373679
18:19.9,Family Member,Medication,0.7334469562242892,0.7,0.7310585786300049,0.41587182757605345
18:19.9,Family Member,Lifestyle Data,0.7334469562242892,0.7,0.5,0.17722622592627746
18:19.9,Family Member,Environmental Data,0.7334469562242892,0.7,0.2689414213699951,0.18030457755393361
18:19.9,Researcher,Medical History,0.7334469562242892,0.5,0.8807970779778823,0.31390369492202647
18:19.9,Researcher,Medication,0.7334469562242892,0.5,0.7310585786300049,0.36640109009176414
18:19.9,Researcher,Lifestyle Data,0.7334469562242892,0.5,0.5,0.25637226458949147
18:19.9,Researcher,Environmental Data,0.7334469562242892,0.5,0.2689414213699951,0.070533005
18:19.9,Doctor,Medical History,0.7408182206817179,0.9,0.8807970779778823,0.5957461628854783
18:19.9,Doctor,Medication,0.7408182206817179,0.9,0.7310585786300049,0.41702028227374516
18:19.9,Doctor,Lifestyle Data,0.7408182206817179,0.9,0.5,0.36007643284891383
18:19.9,Doctor,Environmental Data,0.7408182206817179,0.9,0.2689414213699951,0.10387192388541366
18:19.9,Family Member,Medical History,0.7408182206817179,0.7,0.8807970779778823,0.40676722236642915
18:19.9,Family Member,Medication,0.7408182206817179,0.7,0.7310585786300049,0.35037172209407164
18:19.9,Family Member,Lifestyle Data,0.7408182206817179,0.7,0.5,0.19652942014804814
18:19.9,Family Member,Environmental Data,0.7408182206817179,0.7,0.2689414213699951,0.054952713418029375
18:19.9,Researcher,Medical History,0.7408182206817179,0.5,0.8807970779778823,0.3616075391816378
18:19.9,Researcher,Medication,0.7408182206817179,0.5,0.7310585786300049,0.30671207385033245
18:19.9,Researcher,Lifestyle Data,0.7408182206817179,0.5,0.5,0.2033219312893071
18:19.9,Researcher,Environmental Data,0.7408182206817179,0.5,0.2689414213699951,0.074796342
18:19.9,Doctor,Medical History,0.7482635675785653,0.9,0.8807970779778823,0.6047100246041489
18:19.9,Doctor,Medication,0.7482635675785653,0.9,0.7310585786300049,0.4555055341711966
18:19.9,Doctor,Lifestyle Data,0.7482635675785653,0.9,0.5,0.3382026984548796
18:19.9,Doctor,Environmental Data,0.7482635675785653,0.9,0.2689414213699951,0.27784851764661433
18:19.9,Family Member,Medical History,0.7482635675785653,0.7,0.8807970779778823,0.3454813773844688
18:19.9,Family Member,Medication,0.7482635675785653,0.7,0.7310585786300049,0.39550824060556833
18:19.9,Family Member,Lifestyle Data,0.7482635675785653,0.7,0.5,0.24525722056805563
18:19.9,Family Member,Environmental Data,0.7482635675785653,0.7,0.2689414213699951,0.19417107037301068
18:19.9,Researcher,Medical History,0.7482635675785653,0.5,0.8807970779778823,0.3001309645307758
18:19.9,Researcher,Medication,0.7482635675785653,0.5,0.7310585786300049,0.24936971042986242
18:19.9,Researcher,Lifestyle Data,0.7482635675785653,0.5,0.5,0.1205138838094103
18:19.9,Researcher,Environmental Data,0.7482635675785653,0.5,0.2689414213699951,0.081496549
18:19.9,Doctor,Medical History,0.7557837414557255,0.9,0.8807970779778823,0.7418489349008911
18:19.9,Doctor,Medication,0.7557837414557255,0.9,0.7310585786300049,0.6245902989431367
18:19.9,Doctor,Lifestyle Data,0.7557837414557255,0.9,0.5,0.3421383373556937
18:19.9,Doctor,Environmental Data,0.7557837414557255,0.9,0.2689414213699951,0.17704954711109022
18:19.9,Family Member,Medical History,0.7557837414557255,0.7,0.8807970779778823,0.4977328600560845
18:19.9,Family Member,Medication,0.7557837414557255,0.7,0.7310585786300049,0.35260754914385095
18:19.9,Family Member,Lifestyle Data,0.7557837414557255,0.7,0.5,0.1541680508617732
18:19.9,Family Member,Environmental Data,0.7557837414557255,0.7,0.2689414213699951,0.1674552038338931
18:19.9,Researcher,Medical History,0.7557837414557255,0.5,0.8807970779778823,0.309057406
18:19.9,Researcher,Medication,0.7557837414557255,0.5,0.7310585786300049,0.2899146567787207
18:19.9,Researcher,Lifestyle Data,0.7557837414557255,0.5,0.5,0.17691226586715852
18:19.9,Researcher,Environmental Data,0.7557837414557255,0.5,0.2689414213699951,0.081222589
18:19.9,Doctor,Medical History,0.7633794943368531,0.9,0.8807970779778823,0.6087678176400376
18:19.9,Doctor,Medication,0.7633794943368531,0.9,0.7310585786300049,0.4885063053114846
18:19.9,Doctor,Lifestyle Data,0.7633794943368531,0.9,0.5,0.2743080236281721
18:19.9,Doctor,Environmental Data,0.7633794943368531,0.9,0.2689414213699951,0.245298466
18:19.9,Family Member,Medical History,0.7633794943368531,0.7,0.8807970779778823,0.43448530385999995
18:19.9,Family Member,Medication,0.7633794943368531,0.7,0.7310585786300049,0.44908602689548766
18:19.9,Family Member,Lifestyle Data,0.7633794943368531,0.7,0.5,0.3464161505867174
18:19.9,Family Member,Environmental Data,0.7633794943368531,0.7,0.2689414213699951,0.11616645545509627
18:19.9,Researcher,Medical History,0.7633794943368531,0.5,0.8807970779778823,0.3582236916442784
18:19.9,Researcher,Medication,0.7633794943368531,0.5,0.7310585786300049,0.2621326257358505
18:19.9,Researcher,Lifestyle Data,0.7633794943368531,0.5,0.5,0.3037182622143707
18:19.9,Researcher,Environmental Data,0.7633794943368531,0.5,0.2689414213699951,0.079264842
18:19.9,Doctor,Medical History,0.7710515858035663,0.9,0.8807970779778823,0.6548260456438928
18:19.9,Doctor,Medication,0.7710515858035663,0.9,0.7310585786300049,0.4486218604474985
18:19.9,Doctor,Lifestyle Data,0.7710515858035663,0.9,0.5,0.3371280584568951
18:19.9,Doctor,Environmental Data,0.7710515858035663,0.9,0.2689414213699951,0.2696109049654343
18:19.9,Family Member,Medical History,0.7710515858035663,0.7,0.8807970779778823,0.47453887421923313
18:19.9,Family Member,Medication,0.7710515858035663,0.7,0.7310585786300049,0.37629423013144997
18:19.9,Family Member,Lifestyle Data,0.7710515858035663,0.7,0.5,0.313761499
18:19.9,Family Member,Environmental Data,0.7710515858035663,0.7,0.2689414213699951,0.14179740430248994
18:19.9,Researcher,Medical History,0.7710515858035663,0.5,0.8807970779778823,0.3574756331618677
18:19.9,Researcher,Medication,0.7710515858035663,0.5,0.7310585786300049,0.275619421
18:19.9,Researcher,Lifestyle Data,0.7710515858035663,0.5,0.5,0.21010591591124778
18:19.9,Researcher,Environmental Data,0.7710515858035663,0.5,0.2689414213699951,0.10397858583781598
18:19.9,Doctor,Medical History,0.7788007830714049,0.9,0.8807970779778823,0.5683065236377566
18:19.9,Doctor,Medication,0.7788007830714049,0.9,0.7310585786300049,0.5268032375581879
18:19.9,Doctor,Lifestyle Data,0.7788007830714049,0.9,0.5,0.3423576903139808
18:19.9,Doctor,Environmental Data,0.7788007830714049,0.9,0.2689414213699951,0.17135941897000448
18:19.9,Family Member,Medical History,0.7788007830714049,0.7,0.8807970779778823,0.3710315737739991
18:19.9,Family Member,Medication,0.7788007830714049,0.7,0.7310585786300049,0.3811544357308967
18:19.9,Family Member,Lifestyle Data,0.7788007830714049,0.7,0.5,0.2234644541347858
18:19.9,Family Member,Environmental Data,0.7788007830714049,0.7,0.2689414213699951,0.15137147619881505
18:19.9,Researcher,Medical History,0.7788007830714049,0.5,0.8807970779778823,0.36470208401543996
18:19.9,Researcher,Medication,0.7788007830714049,0.5,0.7310585786300049,0.18451941477239744
18:19.9,Researcher,Lifestyle Data,0.7788007830714049,0.5,0.5,0.22955743980629512
18:19.9,Researcher,Environmental Data,0.7788007830714049,0.5,0.2689414213699951,0.051668373
18:19.9,Doctor,Medical History,0.7866278610665535,0.9,0.8807970779778823,0.613641647
18:19.9,Doctor,Medication,0.7866278610665535,0.9,0.7310585786300049,0.6466322031307329
18:19.9,Doctor,Lifestyle Data,0.7866278610665535,0.9,0.5,0.24071856172649767
18:19.9,Doctor,Environmental Data,0.7866278610665535,0.9,0.2689414213699951,0.2664341719183027
18:19.9,Family Member,Medical History,0.7866278610665535,0.7,0.8807970779778823,0.5680706413152213
18:19.9,Family Member,Medication,0.7866278610665535,0.7,0.7310585786300049,0.364520708
18:19.9,Family Member,Lifestyle Data,0.7866278610665535,0.7,0.5,0.3049069765128205
18:19.9,Family Member,Environmental Data,0.7866278610665535,0.7,0.2689414213699951,0.19041861973986018
18:19.9,Researcher,Medical History,0.7866278610665535,0.5,0.8807970779778823,0.28725591192183186
18:19.9,Researcher,Medication,0.7866278610665535,0.5,0.7310585786300049,0.1794741525118014
18:19.9,Researcher,Lifestyle Data,0.7866278610665535,0.5,0.5,0.1736385260006095
18:19.9,Researcher,Environmental Data,0.7866278610665535,0.5,0.2689414213699951,0.19095531887631872
18:19.9,Doctor,Medical History,0.794533603,0.9,0.8807970779778823,0.695115703
18:19.9,Doctor,Medication,0.794533603,0.9,0.7310585786300049,0.5173697268394627
18:19.9,Doctor,Lifestyle Data,0.794533603,0.9,0.5,0.3463396990954983
18:19.9,Doctor,Environmental Data,0.794533603,0.9,0.2689414213699951,0.047072813806370434
18:19.9,Family Member,Medical History,0.794533603,0.7,0.8807970779778823,0.4650341675018911
18:19.9,Family Member,Medication,0.794533603,0.7,0.7310585786300049,0.46813628416850095
18:19.9,Family Member,Lifestyle Data,0.794533603,0.7,0.5,0.2548206807214469
18:19.9,Family Member,Environmental Data,0.794533603,0.7,0.2689414213699951,0.16129243949427605
18:19.9,Researcher,Medical History,0.794533603,0.5,0.8807970779778823,0.28906355805694034
18:19.9,Researcher,Medication,0.794533603,0.5,0.7310585786300049,0.2642205462338678
18:19.9,Researcher,Lifestyle Data,0.794533603,0.5,0.5,0.061049754396545336
18:19.9,Researcher,Environmental Data,0.794533603,0.5,0.2689414213699951,0.12891001689257467
18:19.9,Doctor,Medical History,0.8025187979624785,0.9,0.8807970779778823,0.7261587227356997
18:19.9,Doctor,Medication,0.8025187979624785,0.9,0.7310585786300049,0.5391653594223784
18:19.9,Doctor,Lifestyle Data,0.8025187979624785,0.9,0.5,0.27226724515836503
18:19.9,Doctor,Environmental Data,0.8025187979624785,0.9,0.2689414213699951,0.14016863349799646
18:19.9,Family Member,Medical History,0.8025187979624785,0.7,0.8807970779778823,0.5428488375362082
18:19.9,Family Member,Medication,0.8025187979624785,0.7,0.7310585786300049,0.3721238946660762
18:19.9,Family Member,Lifestyle Data,0.8025187979624785,0.7,0.5,0.2651255185048195
18:19.9,Family Member,Environmental Data,0.8025187979624785,0.7,0.2689414213699951,0.12952116378277545
18:19.9,Researcher,Medical History,0.8025187979624785,0.5,0.8807970779778823,0.3956046280334241
18:19.9,Researcher,Medication,0.8025187979624785,0.5,0.7310585786300049,0.3141762709026658
18:19.9,Researcher,Lifestyle Data,0.8025187979624785,0.5,0.5,0.22422888823065068
18:19.9,Researcher,Environmental Data,0.8025187979624785,0.5,0.2689414213699951,0.074337985
18:19.9,Doctor,Medical History,0.8105842459701871,0.9,0.8807970779778823,0.6711357818261431
18:19.9,Doctor,Medication,0.8105842459701871,0.9,0.7310585786300049,0.6224873515227504
18:19.9,Doctor,Lifestyle Data,0.8105842459701871,0.9,0.5,0.3633850838931784
18:19.9,Doctor,Environmental Data,0.8105842459701871,0.9,0.2689414213699951,0.27831661203934027
18:19.9,Family Member,Medical History,0.8105842459701871,0.7,0.8807970779778823,0.5093071813452265
18:19.9,Family Member,Medication,0.8105842459701871,0.7,0.7310585786300049,0.46363225084519033
18:19.9,Family Member,Lifestyle Data,0.8105842459701871,0.7,0.5,0.3105142254058514
18:19.9,Family Member,Environmental Data,0.8105842459701871,0.7,0.2689414213699951,0.14841439785128294
18:19.9,Researcher,Medical History,0.8105842459701871,0.5,0.8807970779778823,0.4046332798754848
18:19.9,Researcher,Medication,0.8105842459701871,0.5,0.7310585786300049,0.24244206289633483
18:19.9,Researcher,Lifestyle Data,0.8105842459701871,0.5,0.5,0.2668319947033567
18:19.9,Researcher,Environmental Data,0.8105842459701871,0.5,0.2689414213699951,0.1818652413174659
18:19.9,Doctor,Medical History,0.8187307530779818,0.9,0.8807970779778823,0.7225539468795862
18:19.9,Doctor,Medication,0.8187307530779818,0.9,0.7310585786300049,0.5132352985783966
18:19.9,Doctor,Lifestyle Data,0.8187307530779818,0.9,0.5,0.31127218962100567
18:19.9,Doctor,Environmental Data,0.8187307530779818,0.9,0.2689414213699951,0.20536584507815225
18:19.9,Family Member,Medical History,0.8187307530779818,0.7,0.8807970779778823,0.4336188318782697
18:19.9,Family Member,Medication,0.8187307530779818,0.7,0.7310585786300049,0.4176176168257076
18:19.9,Family Member,Lifestyle Data,0.8187307530779818,0.7,0.5,0.2983975498932677
18:19.9,Family Member,Environmental Data,0.8187307530779818,0.7,0.2689414213699951,0.07645109
18:19.9,Researcher,Medical History,0.8187307530779818,0.5,0.8807970779778823,0.3231763516816163
18:19.9,Researcher,Medication,0.8187307530779818,0.5,0.7310585786300049,0.2994283074161981
18:19.9,Researcher,Lifestyle Data,0.8187307530779818,0.5,0.5,0.30328709909196466
18:19.9,Researcher,Environmental Data,0.8187307530779818,0.5,0.2689414213699951,0.18625728985677859
18:19.9,Doctor,Medical History,0.8269591339433623,0.9,0.8807970779778823,0.6459514839929849
18:19.9,Doctor,Medication,0.8269591339433623,0.9,0.7310585786300049,0.5884771029678226
18:19.9,Doctor,Lifestyle Data,0.8269591339433623,0.9,0.5,0.35788944147555657
18:19.9,Doctor,Environmental Data,0.8269591339433623,0.9,0.2689414213699951,0.17634469016351068
18:19.9,Family Member,Medical History,0.8269591339433623,0.7,0.8807970779778823,0.5002743233131657
18:19.9,Family Member,Medication,0.8269591339433623,0.7,0.7310585786300049,0.47679936142244644
18:19.9,Family Member,Lifestyle Data,0.8269591339433623,0.7,0.5,0.3011888110435846
18:19.9,Family Member,Environmental Data,0.8269591339433623,0.7,0.2689414213699951,0.077735935
18:19.9,Researcher,Medical History,0.8269591339433623,0.5,0.8807970779778823,0.34034709064402047
18:19.9,Researcher,Medication,0.8269591339433623,0.5,0.7310585786300049,0.275298827
18:19.9,Researcher,Lifestyle Data,0.8269591339433623,0.5,0.5,0.2637650610445127
18:19.9,Researcher,Environmental Data,0.8269591339433623,0.5,0.2689414213699951,0.11401907521793171
18:19.9,Doctor,Medical History,0.835270211,0.9,0.8807970779778823,0.6072584024973122
18:19.9,Doctor,Medication,0.835270211,0.9,0.7310585786300049,0.4630001869291278
18:19.9,Doctor,Lifestyle Data,0.835270211,0.9,0.5,0.33744341308306336
18:19.9,Doctor,Environmental Data,0.835270211,0.9,0.2689414213699951,0.25829131044528575
18:19.9,Family Member,Medical History,0.835270211,0.7,0.8807970779778823,0.43112959730513567
18:19.9,Family Member,Medication,0.835270211,0.7,0.7310585786300049,0.4134121588233105
18:19.9,Family Member,Lifestyle Data,0.835270211,0.7,0.5,0.13253508353977328
18:19.9,Family Member,Environmental Data,0.835270211,0.7,0.2689414213699951,0.20440936323828096
18:19.9,Researcher,Medical History,0.835270211,0.5,0.8807970779778823,0.3854774122589892
18:19.9,Researcher,Medication,0.835270211,0.5,0.7310585786300049,0.2689300853838228
18:19.9,Researcher,Lifestyle Data,0.835270211,0.5,0.5,0.1531178460283005
18:19.9,Researcher,Environmental Data,0.835270211,0.5,0.2689414213699951,0.08612042
18:19.9,Doctor,Medical History,0.8436648165963837,0.9,0.8807970779778823,0.6705658638108157
18:19.9,Doctor,Medication,0.8436648165963837,0.9,0.7310585786300049,0.606883607
18:19.9,Doctor,Lifestyle Data,0.8436648165963837,0.9,0.5,0.346867724
18:19.9,Doctor,Environmental Data,0.8436648165963837,0.9,0.2689414213699951,0.23241999002028527
18:19.9,Family Member,Medical History,0.8436648165963837,0.7,0.8807970779778823,0.6161520861040988
18:19.9,Family Member,Medication,0.8436648165963837,0.7,0.7310585786300049,0.4100281482334459
18:19.9,Family Member,Lifestyle Data,0.8436648165963837,0.7,0.5,0.32170314453447557
18:19.9,Family Member,Environmental Data,0.8436648165963837,0.7,0.2689414213699951,0.13210555780782002
18:19.9,Researcher,Medical History,0.8436648165963837,0.5,0.8807970779778823,0.3139692739930634
18:19.9,Researcher,Medication,0.8436648165963837,0.5,0.7310585786300049,0.3467144711970142
18:19.9,Researcher,Lifestyle Data,0.8436648165963837,0.5,0.5,0.24386584315014623
18:19.9,Researcher,Environmental Data,0.8436648165963837,0.5,0.2689414213699951,0.1524198589059409
18:19.9,Doctor,Medical History,0.8521437889662113,0.9,0.8807970779778823,0.5830038245619951
18:19.9,Doctor,Medication,0.8521437889662113,0.9,0.7310585786300049,0.5886982921493574
18:19.9,Doctor,Lifestyle Data,0.8521437889662113,0.9,0.5,0.3769105858550548
18:19.9,Doctor,Environmental Data,0.8521437889662113,0.9,0.2689414213699951,0.21940163359005813
18:19.9,Family Member,Medical History,0.8521437889662113,0.7,0.8807970779778823,0.5773221449912428
18:19.9,Family Member,Medication,0.8521437889662113,0.7,0.7310585786300049,0.4641821893370128
18:19.9,Family Member,Lifestyle Data,0.8521437889662113,0.7,0.5,0.28272989767158513
18:19.9,Family Member,Environmental Data,0.8521437889662113,0.7,0.2689414213699951,0.16118221286619244
18:19.9,Researcher,Medical History,0.8521437889662113,0.5,0.8807970779778823,0.388909695
18:19.9,Researcher,Medication,0.8521437889662113,0.5,0.7310585786300049,0.2706938153500961
18:19.9,Researcher,Lifestyle Data,0.8521437889662113,0.5,0.5,0.1605931722789943
18:19.9,Researcher,Environmental Data,0.8521437889662113,0.5,0.2689414213699951,0.084084061
18:19.9,Doctor,Medical History,0.8607079764250578,0.9,0.8807970779778823,0.7054041730747734
18:19.9,Doctor,Medication,0.8607079764250578,0.9,0.7310585786300049,0.5573128442009508
18:19.9,Doctor,Lifestyle Data,0.8607079764250578,0.9,0.5,0.40650007491055223
18:19.9,Doctor,Environmental Data,0.8607079764250578,0.9,0.2689414213699951,0.16417817156658057
18:19.9,Family Member,Medical History,0.8607079764250578,0.7,0.8807970779778823,0.5769361710085144
18:19.9,Family Member,Medication,0.8607079764250578,0.7,0.7310585786300049,0.449069304
18:19.9,Family Member,Lifestyle Data,0.8607079764250578,0.7,0.5,0.31183390454793003
18:19.9,Family Member,Environmental Data,0.8607079764250578,0.7,0.2689414213699951,0.22781804880112155
18:19.9,Researcher,Medical History,0.8607079764250578,0.5,0.8807970779778823,0.46784012130613256
18:19.9,Researcher,Medication,0.8607079764250578,0.5,0.7310585786300049,0.2957302706565543
18:19.9,Researcher,Lifestyle Data,0.8607079764250578,0.5,0.5,0.23675075164173076
18:19.9,Researcher,Environmental Data,0.8607079764250578,0.5,0.2689414213699951,0.11735513539841967
18:19.9,Doctor,Medical History,0.8693582353988059,0.9,0.8807970779778823,0.6820298569240305
18:19.9,Doctor,Medication,0.8693582353988059,0.9,0.7310585786300049,0.5560913288642197
18:19.9,Doctor,Lifestyle Data,0.8693582353988059,0.9,0.5,0.4445154924230709
18:19.9,Doctor,Environmental Data,0.8693582353988059,0.9,0.2689414213699951,0.25885733435014713
18:19.9,Family Member,Medical History,0.8693582353988059,0.7,0.8807970779778823,0.5399373207001198
18:19.9,Family Member,Medication,0.8693582353988059,0.7,0.7310585786300049,0.42345254125748066
18:19.9,Family Member,Lifestyle Data,0.8693582353988059,0.7,0.5,0.341991538
18:19.9,Family Member,Environmental Data,0.8693582353988059,0.7,0.2689414213699951,0.1643717636632576
18:19.9,Researcher,Medical History,0.8693582353988059,0.5,0.8807970779778823,0.47848798414714927
18:19.9,Researcher,Medication,0.8693582353988059,0.5,0.7310585786300049,0.45731740919725217
18:19.9,Researcher,Lifestyle Data,0.8693582353988059,0.5,0.5,0.2816046679238627
18:19.9,Researcher,Environmental Data,0.8693582353988059,0.5,0.2689414213699951,0.094796722
18:19.9,Doctor,Medical History,0.8780954309205613,0.9,0.8807970779778823,0.7860957202240353
18:19.9,Doctor,Medication,0.8780954309205613,0.9,0.7310585786300049,0.5153727426502521
18:19.9,Doctor,Lifestyle Data,0.8780954309205613,0.9,0.5,0.3961659530417631
18:19.9,Doctor,Environmental Data,0.8780954309205613,0.9,0.2689414213699951,0.24468023422179697
18:19.9,Family Member,Medical History,0.8780954309205613,0.7,0.8807970779778823,0.532611006
18:19.9,Family Member,Medication,0.8780954309205613,0.7,0.7310585786300049,0.4919581426541837
18:19.9,Family Member,Lifestyle Data,0.8780954309205613,0.7,0.5,0.28954382360474207
18:19.9,Family Member,Environmental Data,0.8780954309205613,0.7,0.2689414213699951,0.18725111323548946
18:19.9,Researcher,Medical History,0.8780954309205613,0.5,0.8807970779778823,0.22926868450254498
18:19.9,Researcher,Medication,0.8780954309205613,0.5,0.7310585786300049,0.34257845269153825
18:19.9,Researcher,Lifestyle Data,0.8780954309205613,0.5,0.5,0.17995435499626897
18:19.9,Researcher,Environmental Data,0.8780954309205613,0.5,0.2689414213699951,0.14913464888466665
18:19.9,Doctor,Medical History,0.8869204367171575,0.9,0.8807970779778823,0.6887149104278597
18:19.9,Doctor,Medication,0.8869204367171575,0.9,0.7310585786300049,0.6163457854995984
18:19.9,Doctor,Lifestyle Data,0.8869204367171575,0.9,0.5,0.37235792652574934
18:19.9,Doctor,Environmental Data,0.8869204367171575,0.9,0.2689414213699951,0.23025462294490928
18:19.9,Family Member,Medical History,0.8869204367171575,0.7,0.8807970779778823,0.6052899422280476
18:19.9,Family Member,Medication,0.8869204367171575,0.7,0.7310585786300049,0.41890270691745074
18:19.9,Family Member,Lifestyle Data,0.8869204367171575,0.7,0.5,0.35303001037596554
18:19.9,Family Member,Environmental Data,0.8869204367171575,0.7,0.2689414213699951,0.287303619
18:19.9,Researcher,Medical History,0.8869204367171575,0.5,0.8807970779778823,0.33139045119458266
18:19.9,Researcher,Medication,0.8869204367171575,0.5,0.7310585786300049,0.3583902748341392
18:19.9,Researcher,Lifestyle Data,0.8869204367171575,0.5,0.5,0.1938436919506263
18:19.9,Researcher,Environmental Data,0.8869204367171575,0.5,0.2689414213699951,0.04400514
18:19.9,Doctor,Medical History,0.8958341352965282,0.9,0.8807970779778823,0.6439615284281247
18:19.9,Doctor,Medication,0.8958341352965282,0.9,0.7310585786300049,0.6225764840387462
18:19.9,Doctor,Lifestyle Data,0.8958341352965282,0.9,0.5,0.274404627
18:19.9,Doctor,Environmental Data,0.8958341352965282,0.9,0.2689414213699951,0.2061722727943899
18:19.9,Family Member,Medical History,0.8958341352965282,0.7,0.8807970779778823,0.46180499061569935
18:19.9,Family Member,Medication,0.8958341352965282,0.7,0.7310585786300049,0.31582426942294745
18:19.9,Family Member,Lifestyle Data,0.8958341352965282,0.7,0.5,0.3318018378816355
18:19.9,Family Member,Environmental Data,0.8958341352965282,0.7,0.2689414213699951,0.1594340151786912
18:19.9,Researcher,Medical History,0.8958341352965282,0.5,0.8807970779778823,0.4184365928904077
18:19.9,Researcher,Medication,0.8958341352965282,0.5,0.7310585786300049,0.3078949335467752
18:19.9,Researcher,Lifestyle Data,0.8958341352965282,0.5,0.5,0.23337248027411872
18:19.9,Researcher,Environmental Data,0.8958341352965282,0.5,0.2689414213699951,0.088319802
18:19.9,Doctor,Medical History,0.9048374180359595,0.9,0.8807970779778823,0.7691863834309023
18:19.9,Doctor,Medication,0.9048374180359595,0.9,0.7310585786300049,0.5492133590671698
18:19.9,Doctor,Lifestyle Data,0.9048374180359595,0.9,0.5,0.4513058602493369
18:19.9,Doctor,Environmental Data,0.9048374180359595,0.9,0.2689414213699951,0.18461736216175167
18:19.9,Family Member,Medical History,0.9048374180359595,0.7,0.8807970779778823,0.6381691640633427
18:19.9,Family Member,Medication,0.9048374180359595,0.7,0.7310585786300049,0.5039966614407164
18:19.9,Family Member,Lifestyle Data,0.9048374180359595,0.7,0.5,0.3299269489673501
18:19.9,Family Member,Environmental Data,0.9048374180359595,0.7,0.2689414213699951,0.20720563833815442
18:19.9,Researcher,Medical History,0.9048374180359595,0.5,0.8807970779778823,0.4378737687079822
18:19.9,Researcher,Medication,0.9048374180359595,0.5,0.7310585786300049,0.34955053608297537
18:19.9,Researcher,Lifestyle Data,0.9048374180359595,0.5,0.5,0.29475805971957647
18:19.9,Researcher,Environmental Data,0.9048374180359595,0.5,0.2689414213699951,0.14268407812810407
18:19.9,Doctor,Medical History,0.9139311852712282,0.9,0.8807970779778823,0.7284443013855624
18:19.9,Doctor,Medication,0.9139311852712282,0.9,0.7310585786300049,0.49710626278404474
18:19.9,Doctor,Lifestyle Data,0.9139311852712282,0.9,0.5,0.4293607506949589
18:19.9,Doctor,Environmental Data,0.9139311852712282,0.9,0.2689414213699951,0.2002162013577355
18:19.9,Family Member,Medical History,0.9139311852712282,0.7,0.8807970779778823,0.6744592490318277
18:19.9,Family Member,Medication,0.9139311852712282,0.7,0.7310585786300049,0.40657403492361593
18:19.9,Family Member,Lifestyle Data,0.9139311852712282,0.7,0.5,0.33300583105556564
18:19.9,Family Member,Environmental Data,0.9139311852712282,0.7,0.2689414213699951,0.083742389
18:19.9,Researcher,Medical History,0.9139311852712282,0.5,0.8807970779778823,0.4278905171350664
18:19.9,Researcher,Medication,0.9139311852712282,0.5,0.7310585786300049,0.3181390001942325
18:19.9,Researcher,Lifestyle Data,0.9139311852712282,0.5,0.5,0.19030508981287675
18:19.9,Researcher,Environmental Data,0.9139311852712282,0.5,0.2689414213699951,0.204196965
18:19.9,Doctor,Medical History,0.9231163463866358,0.9,0.8807970779778823,0.7379686929697832
18:19.9,Doctor,Medication,0.9231163463866358,0.9,0.7310585786300049,0.6705647154535075
18:19.9,Doctor,Lifestyle Data,0.9231163463866358,0.9,0.5,0.3613472540144608
18:19.9,Doctor,Environmental Data,0.9231163463866358,0.9,0.2689414213699951,0.23030730583062267
18:19.9,Family Member,Medical History,0.9231163463866358,0.7,0.8807970779778823,0.5619575007518988
18:19.9,Family Member,Medication,0.9231163463866358,0.7,0.7310585786300049,0.43421473924637816
18:19.9,Family Member,Lifestyle Data,0.9231163463866358,0.7,0.5,0.2445648079588682
18:19.9,Family Member,Environmental Data,0.9231163463866358,0.7,0.2689414213699951,0.1281018220339818
18:19.9,Researcher,Medical History,0.9231163463866358,0.5,0.8807970779778823,0.5421234658503543
18:19.9,Researcher,Medication,0.9231163463866358,0.5,0.7310585786300049,0.3926514745894117
18:19.9,Researcher,Lifestyle Data,0.9231163463866358,0.5,0.5,0.19665161467541029
18:19.9,Researcher,Environmental Data,0.9231163463866358,0.5,0.2689414213699951,0.11980066821621446
18:19.9,Doctor,Medical History,0.9323938199059483,0.9,0.8807970779778823,0.7429469985065834
18:19.9,Doctor,Medication,0.9323938199059483,0.9,0.7310585786300049,0.5690403222172127
18:19.9,Doctor,Lifestyle Data,0.9323938199059483,0.9,0.5,0.5166778986776435
18:19.9,Doctor,Environmental Data,0.9323938199059483,0.9,0.2689414213699951,0.2548854249880373
18:19.9,Family Member,Medical History,0.9323938199059483,0.7,0.8807970779778823,0.5882426017727654
18:19.9,Family Member,Medication,0.9323938199059483,0.7,0.7310585786300049,0.42873030763477055
18:19.9,Family Member,Lifestyle Data,0.9323938199059483,0.7,0.5,0.393966541
18:19.9,Family Member,Environmental Data,0.9323938199059483,0.7,0.2689414213699951,0.2033975520760405
18:19.9,Researcher,Medical History,0.9323938199059483,0.5,0.8807970779778823,0.36958174136356575
18:19.9,Researcher,Medication,0.9323938199059483,0.5,0.7310585786300049,0.35264001
18:19.9,Researcher,Lifestyle Data,0.9323938199059483,0.5,0.5,0.24698929440452858
18:19.9,Researcher,Environmental Data,0.9323938199059483,0.5,0.2689414213699951,0.18067850195359555
18:19.9,Doctor,Medical History,0.9417645335842487,0.9,0.8807970779778823,0.7198895696683822
18:19.9,Doctor,Medication,0.9417645335842487,0.9,0.7310585786300049,0.6941730814562106
18:19.9,Doctor,Lifestyle Data,0.9417645335842487,0.9,0.5,0.4134676619619473
18:19.9,Doctor,Environmental Data,0.9417645335842487,0.9,0.2689414213699951,0.13913094450567262
18:19.9,Family Member,Medical History,0.9417645335842487,0.7,0.8807970779778823,0.5534530536981775
18:19.9,Family Member,Medication,0.9417645335842487,0.7,0.7310585786300049,0.495212681
18:19.9,Family Member,Lifestyle Data,0.9417645335842487,0.7,0.5,0.22480220857301855
18:19.9,Family Member,Environmental Data,0.9417645335842487,0.7,0.2689414213699951,0.10570205921566411
18:19.9,Researcher,Medical History,0.9417645335842487,0.5,0.8807970779778823,0.34903225880841277
18:19.9,Researcher,Medication,0.9417645335842487,0.5,0.7310585786300049,0.27116547719978223
18:19.9,Researcher,Lifestyle Data,0.9417645335842487,0.5,0.5,0.3095614762708739
18:19.9,Researcher,Environmental Data,0.9417645335842487,0.5,0.2689414213699951,0.16655203679968794
18:19.9,Doctor,Medical History,0.951229425,0.9,0.8807970779778823,0.7683786112892527
18:19.9,Doctor,Medication,0.951229425,0.9,0.7310585786300049,0.5748654868470036
18:19.9,Doctor,Lifestyle Data,0.951229425,0.9,0.5,0.407015372
18:19.9,Doctor,Environmental Data,0.951229425,0.9,0.2689414213699951,0.19619756503642743
18:19.9,Family Member,Medical History,0.951229425,0.7,0.8807970779778823,0.6190014817793799
18:19.9,Family Member,Medication,0.951229425,0.7,0.7310585786300049,0.528754671
18:19.9,Family Member,Lifestyle Data,0.951229425,0.7,0.5,0.1856751327068573
18:19.9,Family Member,Environmental Data,0.951229425,0.7,0.2689414213699951,0.18356346464322149
18:19.9,Researcher,Medical History,0.951229425,0.5,0.8807970779778823,0.45447543280816216
18:19.9,Researcher,Medication,0.951229425,0.5,0.7310585786300049,0.38186087595940776
18:19.9,Researcher,Lifestyle Data,0.951229425,0.5,0.5,0.22049303415368054
18:19.9,Researcher,Environmental Data,0.951229425,0.5,0.2689414213699951,0.1694372182250268
18:19.9,Doctor,Medical History,0.9607894391523232,0.9,0.8807970779778823,0.7651871408026067
18:19.9,Doctor,Medication,0.9607894391523232,0.9,0.7310585786300049,0.6029418817571173
18:19.9,Doctor,Lifestyle Data,0.9607894391523232,0.9,0.5,0.39718012092664146
18:19.9,Doctor,Environmental Data,0.9607894391523232,0.9,0.2689414213699951,0.23602386634058756
18:19.9,Family Member,Medical History,0.9607894391523232,0.7,0.8807970779778823,0.653663748
18:19.9,Family Member,Medication,0.9607894391523232,0.7,0.7310585786300049,0.477567948
18:19.9,Family Member,Lifestyle Data,0.9607894391523232,0.7,0.5,0.3062526360139532
18:19.9,Family Member,Environmental Data,0.9607894391523232,0.7,0.2689414213699951,0.21426820519607845
18:19.9,Researcher,Medical History,0.9607894391523232,0.5,0.8807970779778823,0.378048046
18:19.9,Researcher,Medication,0.9607894391523232,0.5,0.7310585786300049,0.3533041223108969
18:19.9,Researcher,Lifestyle Data,0.9607894391523232,0.5,0.5,0.3084420837269468
18:19.9,Researcher,Environmental Data,0.9607894391523232,0.5,0.2689414213699951,0.12575223662861795
18:19.9,Doctor,Medical History,0.9704455335485082,0.9,0.8807970779778823,0.8288438227095969
18:19.9,Doctor,Medication,0.9704455335485082,0.9,0.7310585786300049,0.6159802811159701
18:19.9,Doctor,Lifestyle Data,0.9704455335485082,0.9,0.5,0.4525552505026033
18:19.9,Doctor,Environmental Data,0.9704455335485082,0.9,0.2689414213699951,0.27009385140651526
18:19.9,Family Member,Medical History,0.9704455335485082,0.7,0.8807970779778823,0.5960316240761215
18:19.9,Family Member,Medication,0.9704455335485082,0.7,0.7310585786300049,0.5205107539400385
18:19.9,Family Member,Lifestyle Data,0.9704455335485082,0.7,0.5,0.37432028257394157
18:19.9,Family Member,Environmental Data,0.9704455335485082,0.7,0.2689414213699951,0.1899593692389782
18:19.9,Researcher,Medical History,0.9704455335485082,0.5,0.8807970779778823,0.4254238322731066
18:19.9,Researcher,Medication,0.9704455335485082,0.5,0.7310585786300049,0.3589990442611309
18:19.9,Researcher,Lifestyle Data,0.9704455335485082,0.5,0.5,0.20737716183324467
18:19.9,Researcher,Environmental Data,0.9704455335485082,0.5,0.2689414213699951,0.13490810313192841
18:19.9,Doctor,Medical History,0.9801986733067553,0.9,0.8807970779778823,0.8006854909595125
18:19.9,Doctor,Medication,0.9801986733067553,0.9,0.7310585786300049,0.6949496419920457
18:19.9,Doctor,Lifestyle Data,0.9801986733067553,0.9,0.5,0.46063187386427323
18:19.9,Doctor,Environmental Data,0.9801986733067553,0.9,0.2689414213699951,0.3483524797497246
18:19.9,Family Member,Medical History,0.9801986733067553,0.7,0.8807970779778823,0.5224416212041739
18:19.9,Family Member,Medication,0.9801986733067553,0.7,0.7310585786300049,0.45165892036662414
18:19.9,Family Member,Lifestyle Data,0.9801986733067553,0.7,0.5,0.42130406184786334
18:19.9,Family Member,Environmental Data,0.9801986733067553,0.7,0.2689414213699951,0.20398396251192205
18:19.9,Researcher,Medical History,0.9801986733067553,0.5,0.8807970779778823,0.37954464132603605
18:19.9,Researcher,Medication,0.9801986733067553,0.5,0.7310585786300049,0.3632500731526878
18:19.9,Researcher,Lifestyle Data,0.9801986733067553,0.5,0.5,0.21189948256152263
18:19.9,Researcher,Environmental Data,0.9801986733067553,0.5,0.2689414213699951,0.17141306740585224
18:19.9,Doctor,Medical History,0.9900498337491681,0.9,0.8807970779778823,0.7427918632600006
18:19.9,Doctor,Medication,0.9900498337491681,0.9,0.7310585786300049,0.662448652
18:19.9,Doctor,Lifestyle Data,0.9900498337491681,0.9,0.5,0.4997546234828354
18:19.9,Doctor,Environmental Data,0.9900498337491681,0.9,0.2689414213699951,0.25196286401730994
18:19.9,Family Member,Medical History,0.9900498337491681,0.7,0.8807970779778823,0.6858602844099466
18:19.9,Family Member,Medication,0.9900498337491681,0.7,0.7310585786300049,0.46449296658535866
18:19.9,Family Member,Lifestyle Data,0.9900498337491681,0.7,0.5,0.3176174633917158
18:19.9,Family Member,Environmental Data,0.9900498337491681,0.7,0.2689414213699951,0.13396244852344316
18:19.9,Researcher,Medical History,0.9900498337491681,0.5,0.8807970779778823,0.4232879896262387
18:19.9,Researcher,Medication,0.9900498337491681,0.5,0.7310585786300049,0.3695620903489799
18:19.9,Researcher,Lifestyle Data,0.9900498337491681,0.5,0.5,0.22564377151829768
18:19.9,Researcher,Environmental Data,0.9900498337491681,0.5,0.2689414213699951,0.1144843855615827
